"Journal Data Filtered By:  Selected Categories: Multiple Selected Editions: SCIE;SSCI Selected JCR Year: 2013 Selected Category Schema: WOS Selected Open Access: N Indicator: Custom"

Journal name,JCR Abbreviation,ISSN,eISSN,Category,2013 JIF,Eigenfactor
"CA-A CANCER JOURNAL FOR CLINICIANS","CA-CANCER J CLIN","0007-9235","1542-4863","ONCOLOGY - SCIE","162.5","0.06",
"CHEMICAL REVIEWS","CHEM REV","0009-2665","1520-6890","CHEMISTRY, MULTIDISCIPLINARY - SCIE","45.661","0.217",
"NATURE REVIEWS CANCER","NAT REV CANCER","1474-175X","1474-1768","ONCOLOGY - SCIE","37.912","0.112",
"NATURE MATERIALS","NAT MATER","1476-1122","1476-4660","CHEMISTRY, PHYSICAL - SCIE","36.425","0.2",
"CELL","CELL","0092-8674","1097-4172","BIOCHEMISTRY & MOLECULAR BIOLOGY - SCIE","33.116","0.6",
"CHEMICAL SOCIETY REVIEWS","CHEM SOC REV","0306-0012","1460-4744","CHEMISTRY, MULTIDISCIPLINARY - SCIE","30.425","0.214",
"NATURE MEDICINE","NAT MED","1078-8956","1546-170X","BIOCHEMISTRY & MOLECULAR BIOLOGY - SCIE","28.054","0.163",
"Annual Review of Biochemistry","ANNU REV BIOCHEM","0066-4154","1545-4509","BIOCHEMISTRY & MOLECULAR BIOLOGY - SCIE","26.534","0.05",
"NATURE METHODS","NAT METHODS","1548-7091","1548-7105","BIOCHEMICAL RESEARCH METHODS - SCIE","25.953","0.153",
"LANCET ONCOLOGY","LANCET ONCOL","1470-2045","1474-5488","ONCOLOGY - SCIE","24.725","0.093",
"SURFACE SCIENCE REPORTS","SURF SCI REP","0167-5729","1879-274X","CHEMISTRY, PHYSICAL - SCIE","24.562","0.008",
"ACCOUNTS OF CHEMICAL RESEARCH","ACCOUNTS CHEM RES","0001-4842","1520-4898","CHEMISTRY, MULTIDISCIPLINARY - SCIE","24.348","0.112",
"CANCER CELL","CANCER CELL","1535-6108","1878-3686","ONCOLOGY - SCIE","23.893","0.115",
"Nature Chemistry","NAT CHEM","1755-4330","1755-4349","CHEMISTRY, MULTIDISCIPLINARY - SCIE","23.297","0.072",
"Nano Today","NANO TODAY","1748-0132","1878-044X","CHEMISTRY, MULTIDISCIPLINARY - SCIE","18.432","0.015",
"JOURNAL OF CLINICAL ONCOLOGY","J CLIN ONCOL","0732-183X","1527-7755","ONCOLOGY - SCIE","17.96","0.372",
"Cancer Discovery","CANCER DISCOV","2159-8274","2159-8290","ONCOLOGY - SCIE","15.929","0.017",
"Nature Reviews Clinical Oncology","NAT REV CLIN ONCOL","1759-4774","1759-4782","ONCOLOGY - SCIE","15.696","0.023",
"Annual Review of Physical Chemistry","ANNU REV PHYS CHEM","0066-426X","1545-1593","CHEMISTRY, PHYSICAL - SCIE","15.678","0.015",
"Energy & Environmental Science","ENERG ENVIRON SCI","1754-5692","1754-5706","CHEMISTRY, MULTIDISCIPLINARY - SCIE","15.49","0.087",
"ADVANCED MATERIALS","ADV MATER","0935-9648","1521-4095","CHEMISTRY, MULTIDISCIPLINARY - SCIE","15.409","0.275",
"ADVANCED MATERIALS","ADV MATER","0935-9648","1521-4095","CHEMISTRY, PHYSICAL - SCIE","15.409","0.275",
"JNCI-Journal of the National Cancer Institute","JNCI-J NATL CANCER I","0027-8874","1460-2105","ONCOLOGY - SCIE","15.161","0.072",
"MOLECULAR PSYCHIATRY","MOL PSYCHIATR","1359-4184","1476-5578","BIOCHEMISTRY & MOLECULAR BIOLOGY - SCIE","15.147","0.039",
"MOLECULAR CELL","MOL CELL","1097-2765","1097-4164","BIOCHEMISTRY & MOLECULAR BIOLOGY - SCIE","14.464","0.226",
"Advanced Energy Materials","ADV ENERGY MATER","1614-6832","1614-6840","CHEMISTRY, PHYSICAL - SCIE","14.385","0.022",
"MOLECULAR BIOLOGY AND EVOLUTION","MOL BIOL EVOL","0737-4038","1537-1719","BIOCHEMISTRY & MOLECULAR BIOLOGY - SCIE","14.308","0.087",
"Molecular Systems Biology","MOL SYST BIOL","1744-4292","1744-4292","BIOCHEMISTRY & MOLECULAR BIOLOGY - SCIE","14.099","0.04",
"GENOME RESEARCH","GENOME RES","1088-9051","1549-5469","BIOCHEMISTRY & MOLECULAR BIOLOGY - SCIE","13.852","0.142",
"TRENDS IN BIOCHEMICAL SCIENCES","TRENDS BIOCHEM SCI","0968-0004","1362-4326","BIOCHEMISTRY & MOLECULAR BIOLOGY - SCIE","13.522","0.038",
"Nature Chemical Biology","NAT CHEM BIOL","1552-4450","1552-4469","BIOCHEMISTRY & MOLECULAR BIOLOGY - SCIE","13.217","0.066",
"PROGRESS IN LIPID RESEARCH","PROG LIPID RES","0163-7827","1873-2194","BIOCHEMISTRY & MOLECULAR BIOLOGY - SCIE","12.963","0.009",
"NANO LETTERS","NANO LETT","1530-6984","1530-6992","CHEMISTRY, MULTIDISCIPLINARY - SCIE","12.94","0.375",
"NANO LETTERS","NANO LETT","1530-6984","1530-6992","CHEMISTRY, PHYSICAL - SCIE","12.94","0.375",
"MOLECULAR INTERVENTIONS","MOL INTERV","1534-0384","N/A","BIOCHEMISTRY & MOLECULAR BIOLOGY - SCIE","12.143","0.002",
"COORDINATION CHEMISTRY REVIEWS","COORDIN CHEM REV","0010-8545","1873-3840","CHEMISTRY, INORGANIC & NUCLEAR - SCIE","12.098","0.036",
"ACS Nano","ACS NANO","1936-0851","1936-086X","CHEMISTRY, MULTIDISCIPLINARY - SCIE","12.033","0.271",
"ACS Nano","ACS NANO","1936-0851","1936-086X","CHEMISTRY, PHYSICAL - SCIE","12.033","0.271",
"PLOS BIOLOGY","PLOS BIOL","1545-7885","1545-7885","BIOCHEMISTRY & MOLECULAR BIOLOGY - SCIE","11.771","0.112",
"PLOS BIOLOGY","PLOS BIOL","1545-7885","1545-7885","BIOLOGY - SCIE","11.771","0.112",
"NATURE STRUCTURAL & MOLECULAR BIOLOGY","NAT STRUCT MOL BIOL","1545-9993","1545-9985","BIOCHEMISTRY & MOLECULAR BIOLOGY - SCIE","11.633","0.118",
"JOURNAL OF PHOTOCHEMISTRY AND PHOTOBIOLOGY C-PHOTOCHEMISTRY REVIEWS","J PHOTOCH PHOTOBIO C","1389-5567","1873-2739","CHEMISTRY, PHYSICAL - SCIE","11.625","0.004",
"JOURNAL OF THE AMERICAN CHEMICAL SOCIETY","J AM CHEM SOC","0002-7863","1520-5126","CHEMISTRY, MULTIDISCIPLINARY - SCIE","11.444","0.818",
"ANGEWANDTE CHEMIE-INTERNATIONAL EDITION","ANGEW CHEM INT EDIT","1433-7851","1521-3773","CHEMISTRY, MULTIDISCIPLINARY - SCIE","11.336","0.503",
"EMBO JOURNAL","EMBO J","0261-4189","1460-2075","BIOCHEMISTRY & MOLECULAR BIOLOGY - SCIE","10.748","0.153",
"NATURAL PRODUCT REPORTS","NAT PROD REP","0265-0568","1460-4752","BIOCHEMISTRY & MOLECULAR BIOLOGY - SCIE","10.715","0.017",
"NATURAL PRODUCT REPORTS","NAT PROD REP","0265-0568","1460-4752","CHEMISTRY, MEDICINAL - SCIE","10.715","0.017",
"ADVANCED FUNCTIONAL MATERIALS","ADV FUNCT MATER","1616-301X","1616-3028","CHEMISTRY, MULTIDISCIPLINARY - SCIE","10.439","0.121",
"ADVANCED FUNCTIONAL MATERIALS","ADV FUNCT MATER","1616-301X","1616-3028","CHEMISTRY, PHYSICAL - SCIE","10.439","0.121",
"MOLECULAR ASPECTS OF MEDICINE","MOL ASPECTS MED","0098-2997","1872-9452","BIOCHEMISTRY & MOLECULAR BIOLOGY - SCIE","10.302","0.008",
"Nano Energy","NANO ENERGY","2211-2855","2211-3282","CHEMISTRY, PHYSICAL - SCIE","10.211","0.003",
"TRENDS IN MOLECULAR MEDICINE","TRENDS MOL MED","1471-4914","1471-499X","BIOCHEMISTRY & MOLECULAR BIOLOGY - SCIE","10.11","0.021",
"CURRENT BIOLOGY","CURR BIOL","0960-9822","1879-0445","BIOCHEMISTRY & MOLECULAR BIOLOGY - SCIE","9.916","0.155",
"TRENDS IN MICROBIOLOGY","TRENDS MICROBIOL","0966-842X","1878-4380","BIOCHEMISTRY & MOLECULAR BIOLOGY - SCIE","9.808","0.021",
"BIOLOGICAL REVIEWS","BIOL REV","1464-7931","1469-185X","BIOLOGY - SCIE","9.79","0.014",
"PLANT CELL","PLANT CELL","1040-4651","1532-298X","BIOCHEMISTRY & MOLECULAR BIOLOGY - SCIE","9.575","0.088",
"Physics of Life Reviews","PHYS LIFE REV","1571-0645","1873-1457","BIOLOGY - SCIE","9.478","0.003",
"LEUKEMIA","LEUKEMIA","0887-6924","1476-5551","ONCOLOGY - SCIE","9.379","0.058",
"CANCER RESEARCH","CANCER RES","0008-5472","1538-7445","ONCOLOGY - SCIE","9.284","0.258",
"SEMINARS IN CANCER BIOLOGY","SEMIN CANCER BIOL","1044-579X","1096-3650","ONCOLOGY - SCIE","9.143","0.013",
"Wiley Interdisciplinary Reviews-Computational Molecular Science","WIRES COMPUT MOL SCI","1759-0876","1759-0884","CHEMISTRY, MULTIDISCIPLINARY - SCIE","9.041","0.005",
"NUCLEIC ACIDS RESEARCH","NUCLEIC ACIDS RES","0305-1048","1362-4962","BIOCHEMISTRY & MOLECULAR BIOLOGY - SCIE","8.808","0.335",
"CURRENT OPINION IN STRUCTURAL BIOLOGY","CURR OPIN STRUC BIOL","0959-440X","1879-033X","BIOCHEMISTRY & MOLECULAR BIOLOGY - SCIE","8.747","0.035",
"PROGRESS IN NUCLEAR MAGNETIC RESONANCE SPECTROSCOPY","PROG NUCL MAG RES SP","0079-6565","1873-3301","CHEMISTRY, PHYSICAL - SCIE","8.711","0.004",
"ADVANCES IN COLLOID AND INTERFACE SCIENCE","ADV COLLOID INTERFAC","0001-8686","1873-3727","CHEMISTRY, PHYSICAL - SCIE","8.636","0.014",
"Chemical Science","CHEM SCI","2041-6520","2041-6539","CHEMISTRY, MULTIDISCIPLINARY - SCIE","8.601","0.04",
"ONCOGENE","ONCOGENE","0950-9232","1476-5594","BIOCHEMISTRY & MOLECULAR BIOLOGY - SCIE","8.559","0.126",
"ONCOGENE","ONCOGENE","0950-9232","1476-5594","ONCOLOGY - SCIE","8.559","0.126",
"CHEMISTRY OF MATERIALS","CHEM MATER","0897-4756","1520-5002","CHEMISTRY, PHYSICAL - SCIE","8.535","0.133",
"eLife","ELIFE","2050-084X","2050-084X","BIOLOGY - SCIE","8.519","0.003",
"CELL DEATH AND DIFFERENTIATION","CELL DEATH DIFFER","1350-9047","1476-5403","BIOCHEMISTRY & MOLECULAR BIOLOGY - SCIE","8.385","0.044",
"CLINICAL CANCER RESEARCH","CLIN CANCER RES","1078-0432","1557-3265","ONCOLOGY - SCIE","8.193","0.187",
"PROGRESS IN SOLID STATE CHEMISTRY","PROG SOLID STATE CH","0079-6786","1873-1643","CHEMISTRY, INORGANIC & NUCLEAR - SCIE","8.182","0.001",
"Advances in Catalysis","ADV CATAL","0360-0564","2163-0747","CHEMISTRY, PHYSICAL - SCIE","8.143","0.001",
"MEDICINAL RESEARCH REVIEWS","MED RES REV","0198-6325","1098-1128","CHEMISTRY, MEDICINAL - SCIE","8.131","0.006",
"Annual Review of Chemical and Biomolecular Engineering","ANNU REV CHEM BIOMOL","1947-5438","1947-5446","CHEMISTRY, APPLIED - SCIE","8.109","0.003",
"CURRENT OPINION IN BIOTECHNOLOGY","CURR OPIN BIOTECH","0958-1669","1879-0429","BIOCHEMICAL RESEARCH METHODS - SCIE","8.035","0.024",
"EMBO REPORTS","EMBO REP","1469-221X","1469-3178","BIOCHEMISTRY & MOLECULAR BIOLOGY - SCIE","7.858","0.04",
"Annual Review of Analytical Chemistry","ANNU REV ANAL CHEM","1936-1327","1936-1335","CHEMISTRY, ANALYTICAL - SCIE","7.814","0.015",
"Nature Protocols","NAT PROTOC","1754-2189","1750-2799","BIOCHEMICAL RESEARCH METHODS - SCIE","7.782","0.089",
"ANTIOXIDANTS & REDOX SIGNALING","ANTIOXID REDOX SIGN","1523-0864","1557-7716","BIOCHEMISTRY & MOLECULAR BIOLOGY - SCIE","7.667","0.045",
"CURRENT OPINION IN CHEMICAL BIOLOGY","CURR OPIN CHEM BIOL","1367-5931","1879-0402","BIOCHEMISTRY & MOLECULAR BIOLOGY - SCIE","7.652","0.025",
"BIOCHIMICA ET BIOPHYSICA ACTA-REVIEWS ON CANCER","BBA-REV CANCER","0304-419X","1879-2561","BIOCHEMISTRY & MOLECULAR BIOLOGY - SCIE","7.584","0.011",
"BIOCHIMICA ET BIOPHYSICA ACTA-REVIEWS ON CANCER","BBA-REV CANCER","0304-419X","1879-2561","ONCOLOGY - SCIE","7.584","0.011",
"ACS Catalysis","ACS CATAL","2155-5435","2155-5435","CHEMISTRY, PHYSICAL - SCIE","7.572","0.018",
"Small","SMALL","1613-6810","1613-6829","CHEMISTRY, MULTIDISCIPLINARY - SCIE","7.514","0.078",
"Small","SMALL","1613-6810","1613-6829","CHEMISTRY, PHYSICAL - SCIE","7.514","0.078",
"BMC BIOLOGY","BMC BIOL","1741-7007","1741-7007","BIOLOGY - SCIE","7.431","0.016",
"JOURNAL OF PATHOLOGY","J PATHOL","0022-3417","1096-9896","ONCOLOGY - SCIE","7.33","0.036",
"JOURNAL OF CONTROLLED RELEASE","J CONTROL RELEASE","0168-3659","1873-4995","CHEMISTRY, MULTIDISCIPLINARY - SCIE","7.261","0.053",
"MOLECULAR & CELLULAR PROTEOMICS","MOL CELL PROTEOMICS","1535-9476","1535-9484","BIOCHEMICAL RESEARCH METHODS - SCIE","7.254","0.053",
"ACTA CRYSTALLOGRAPHICA SECTION D-BIOLOGICAL CRYSTALLOGRAPHY","ACTA CRYSTALLOGR D","0907-4449","2059-7983","BIOCHEMICAL RESEARCH METHODS - SCIE","7.232","0.064",
"ACTA CRYSTALLOGRAPHICA SECTION D-BIOLOGICAL CRYSTALLOGRAPHY","ACTA CRYSTALLOGR D","0907-4449","2059-7983","BIOCHEMISTRY & MOLECULAR BIOLOGY - SCIE","7.232","0.064",
"STEM CELLS","STEM CELLS","1066-5099","1549-4918","ONCOLOGY - SCIE","7.133","0.062",
"ChemSusChem","CHEMSUSCHEM","1864-5631","1864-564X","CHEMISTRY, MULTIDISCIPLINARY - SCIE","7.117","0.026",
"JACC-Cardiovascular Imaging","JACC-CARDIOVASC IMAG","1936-878X","1876-7591","RADIOLOGY, NUCLEAR MEDICINE & MEDICAL IMAGING - SCIE","6.986","0.023",
"Nano Research","NANO RES","1998-0124","1998-0000","CHEMISTRY, PHYSICAL - SCIE","6.963","0.019",
"HUMAN BRAIN MAPPING","HUM BRAIN MAPP","1065-9471","1097-0193","RADIOLOGY, NUCLEAR MEDICINE & MEDICAL IMAGING - SCIE","6.924","0.042",
"CATALYSIS REVIEWS-SCIENCE AND ENGINEERING","CATAL REV","0161-4940","1520-5703","CHEMISTRY, PHYSICAL - SCIE","6.875","0.002",
"GREEN CHEMISTRY","GREEN CHEM","1463-9262","1463-9270","CHEMISTRY, MULTIDISCIPLINARY - SCIE","6.852","0.04",
"STRUCTURE","STRUCTURE","0969-2126","1878-4186","BIOCHEMISTRY & MOLECULAR BIOLOGY - SCIE","6.794","0.047",
"Circulation-Cardiovascular Imaging","CIRC-CARDIOVASC IMAG","1941-9651","1942-0080","RADIOLOGY, NUCLEAR MEDICINE & MEDICAL IMAGING - SCIE","6.752","0.014",
"Nanoscale","NANOSCALE","2040-3364","2040-3372","CHEMISTRY, MULTIDISCIPLINARY - SCIE","6.739","0.056",
"CHEMICAL COMMUNICATIONS","CHEM COMMUN","1359-7345","1364-548X","CHEMISTRY, MULTIDISCIPLINARY - SCIE","6.718","0.316",
"Journal of Physical Chemistry Letters","J PHYS CHEM LETT","1948-7185","N/A","CHEMISTRY, PHYSICAL - SCIE","6.687","0.068",
"HUMAN MOLECULAR GENETICS","HUM MOL GENET","0964-6906","1460-2083","BIOCHEMISTRY & MOLECULAR BIOLOGY - SCIE","6.677","0.107",
"Oncotarget","ONCOTARGET","1949-2553","1949-2553","ONCOLOGY - SCIE","6.627","0.011",
"JOURNAL OF MATERIALS CHEMISTRY","J MATER CHEM","0959-9428","1364-5501","CHEMISTRY, PHYSICAL - SCIE","6.626","0.227",
"TRAC-TRENDS IN ANALYTICAL CHEMISTRY","TRAC-TREND ANAL CHEM","0165-9936","1879-3142","CHEMISTRY, ANALYTICAL - SCIE","6.612","0.018",
"Molecular Plant","MOL PLANT","1674-2052","1752-9867","BIOCHEMISTRY & MOLECULAR BIOLOGY - SCIE","6.605","0.016",
"CHEMISTRY & BIOLOGY","CHEM BIOL","1074-5521","1879-1301","BIOCHEMISTRY & MOLECULAR BIOLOGY - SCIE","6.586","0.029",
"ANNALS OF ONCOLOGY","ANN ONCOL","0923-7534","1569-8041","ONCOLOGY - SCIE","6.578","0.075",
"CYTOKINE & GROWTH FACTOR REVIEWS","CYTOKINE GROWTH F R","1359-6101","1879-0305","BIOCHEMISTRY & MOLECULAR BIOLOGY - SCIE","6.537","0.009",
"CANCER TREATMENT REVIEWS","CANCER TREAT REV","0305-7372","1532-1967","ONCOLOGY - SCIE","6.466","0.014",
"BIOSENSORS & BIOELECTRONICS","BIOSENS BIOELECTRON","0956-5663","1873-4235","CHEMISTRY, ANALYTICAL - SCIE","6.451","0.053",
"CANCER AND METASTASIS REVIEWS","CANCER METAST REV","0167-7659","1573-7233","ONCOLOGY - SCIE","6.449","0.013",
"CURRENT OPINION IN COLLOID & INTERFACE SCIENCE","CURR OPIN COLLOID IN","1359-0294","1879-0399","CHEMISTRY, PHYSICAL - SCIE","6.398","0.009",
"Science Signaling","SCI SIGNAL","1945-0877","1937-9145","BIOCHEMISTRY & MOLECULAR BIOLOGY - SCIE","6.337","0.047",
"PHILOSOPHICAL TRANSACTIONS OF THE ROYAL SOCIETY B-BIOLOGICAL SCIENCES","PHILOS T R SOC B","0962-8436","1471-2970","BIOLOGY - SCIE","6.314","0.085",
"OncoImmunology","ONCOIMMUNOLOGY","2162-4011","2162-402X","ONCOLOGY - SCIE","6.283","0.003",
"Clinical Epigenetics","CLIN EPIGENETICS","1868-7083","1868-7083","ONCOLOGY - SCIE","6.219","0.001",
"RADIOLOGY","RADIOLOGY","0033-8419","N/A","RADIOLOGY, NUCLEAR MEDICINE & MEDICAL IMAGING - SCIE","6.214","0.072",
"CARBON","CARBON","0008-6223","1873-3891","CHEMISTRY, PHYSICAL - SCIE","6.16","0.065",
"NEUROIMAGE","NEUROIMAGE","1053-8119","1095-9572","RADIOLOGY, NUCLEAR MEDICINE & MEDICAL IMAGING - SCIE","6.132","0.173",
"MOLECULAR CANCER THERAPEUTICS","MOL CANCER THER","1535-7163","1538-8514","ONCOLOGY - SCIE","6.107","0.048",
"JOURNAL OF CATALYSIS","J CATAL","0021-9517","1090-2694","CHEMISTRY, PHYSICAL - SCIE","6.073","0.034",
"APPLIED CATALYSIS B-ENVIRONMENTAL","APPL CATAL B-ENVIRON","0926-3373","1873-3883","CHEMISTRY, PHYSICAL - SCIE","6.007","0.049",
"CURRENT ISSUES IN MOLECULAR BIOLOGY","CURR ISSUES MOL BIOL","1467-3037","1467-3045","BIOCHEMICAL RESEARCH METHODS - SCIE","6","0.001",
"Molecular Oncology","MOL ONCOL","1574-7891","1878-0261","ONCOLOGY - SCIE","5.935","0.007",
"ADDICTION BIOLOGY","ADDICT BIOL","1369-1600","1369-1600","BIOCHEMISTRY & MOLECULAR BIOLOGY - SCIE","5.929","0.008",
"BRIEFINGS IN BIOINFORMATICS","BRIEF BIOINFORM","1467-5463","1477-4054","BIOCHEMICAL RESEARCH METHODS - SCIE","5.919","0.014",
"EXPERT REVIEWS IN MOLECULAR MEDICINE","EXPERT REV MOL MED","1462-3994","1462-3994","BIOCHEMISTRY & MOLECULAR BIOLOGY - SCIE","5.912","0.006",
"BREAST CANCER RESEARCH","BREAST CANCER RES","1465-542X","1465-542X","ONCOLOGY - SCIE","5.881","0.028",
"CELLULAR AND MOLECULAR LIFE SCIENCES","CELL MOL LIFE SCI","1420-682X","1420-9071","BIOCHEMISTRY & MOLECULAR BIOLOGY - SCIE","5.856","0.057",
"MOLECULAR ECOLOGY","MOL ECOL","0962-1083","1365-294X","BIOCHEMISTRY & MOLECULAR BIOLOGY - SCIE","5.84","0.068",
"ANALYTICAL CHEMISTRY","ANAL CHEM","0003-2700","1520-6882","CHEMISTRY, ANALYTICAL - SCIE","5.825","0.169",
"CRITICAL REVIEWS IN BIOCHEMISTRY AND MOLECULAR BIOLOGY","CRIT REV BIOCHEM MOL","1040-9238","1549-7798","BIOCHEMISTRY & MOLECULAR BIOLOGY - SCIE","5.81","0.008",
"CURRENT OPINION IN LIPIDOLOGY","CURR OPIN LIPIDOL","0957-9672","1473-6535","BIOCHEMISTRY & MOLECULAR BIOLOGY - SCIE","5.803","0.01",
"Advances in Microbial Physiology","ADV MICROB PHYSIOL","0065-2911","2162-5468","BIOCHEMISTRY & MOLECULAR BIOLOGY - SCIE","5.8","0.001",
"Journal of Thoracic Oncology","J THORAC ONCOL","1556-0864","1556-1380","ONCOLOGY - SCIE","5.8","0.039",
"BIOMACROMOLECULES","BIOMACROMOLECULES","1525-7797","1526-4602","BIOCHEMISTRY & MOLECULAR BIOLOGY - SCIE","5.788","0.052",
"LAB ON A CHIP","LAB CHIP","1473-0197","1473-0189","BIOCHEMICAL RESEARCH METHODS - SCIE","5.748","0.058",
"LAB ON A CHIP","LAB CHIP","1473-0197","1473-0189","CHEMISTRY, MULTIDISCIPLINARY - SCIE","5.748","0.058",
"FREE RADICAL BIOLOGY AND MEDICINE","FREE RADICAL BIO MED","0891-5849","1873-4596","BIOCHEMISTRY & MOLECULAR BIOLOGY - SCIE","5.71","0.051",
"CHEMISTRY-A EUROPEAN JOURNAL","CHEM-EUR J","0947-6539","1521-3765","CHEMISTRY, MULTIDISCIPLINARY - SCIE","5.696","0.184",
"Pigment Cell & Melanoma Research","PIGM CELL MELANOMA R","1755-1471","1755-148X","ONCOLOGY - SCIE","5.641","0.01",
"Molecular Ecology Resources","MOL ECOL RESOUR","1755-098X","1755-0998","BIOCHEMISTRY & MOLECULAR BIOLOGY - SCIE","5.626","0.027",
"CHEMICAL RECORD","CHEM REC","1527-8999","1528-0691","CHEMISTRY, MULTIDISCIPLINARY - SCIE","5.577","0.003",
"JOURNAL OF NUCLEAR MEDICINE","J NUCL MED","0161-5505","1535-5667","RADIOLOGY, NUCLEAR MEDICINE & MEDICAL IMAGING - SCIE","5.563","0.042",
"ADVANCED SYNTHESIS & CATALYSIS","ADV SYNTH CATAL","1615-4150","1615-4169","CHEMISTRY, APPLIED - SCIE","5.542","0.043",
"FASEB JOURNAL","FASEB J","0892-6638","1530-6860","BIOCHEMISTRY & MOLECULAR BIOLOGY - SCIE","5.48","0.075",
"FASEB JOURNAL","FASEB J","0892-6638","1530-6860","BIOLOGY - SCIE","5.48","0.075",
"JOURNAL OF MEDICINAL CHEMISTRY","J MED CHEM","0022-2623","1520-4804","CHEMISTRY, MEDICINAL - SCIE","5.48","0.093",
"Biochimica et Biophysica Acta-Gene Regulatory Mechanisms","BBA-GENE REGUL MECH","1874-9399","1876-4320","BIOCHEMISTRY & MOLECULAR BIOLOGY - SCIE","5.44","0.016",
"BIOSCIENCE","BIOSCIENCE","0006-3568","1525-3244","BIOLOGY - SCIE","5.439","0.018",
"NEOPLASIA","NEOPLASIA","1522-8002","1476-5586","ONCOLOGY - SCIE","5.398","0.017",
"Molecular Cancer","MOL CANCER","1476-4598","1476-4598","BIOCHEMISTRY & MOLECULAR BIOLOGY - SCIE","5.397","0.021",
"Molecular Cancer","MOL CANCER","1476-4598","1476-4598","ONCOLOGY - SCIE","5.397","0.021",
"RNA Biology","RNA BIOL","1547-6286","1555-8584","BIOCHEMISTRY & MOLECULAR BIOLOGY - SCIE","5.377","0.014",
"ACS Chemical Biology","ACS CHEM BIOL","1554-8929","1554-8937","BIOCHEMISTRY & MOLECULAR BIOLOGY - SCIE","5.356","0.024",
"Journal of Chemical Theory and Computation","J CHEM THEORY COMPUT","1549-9618","1549-9626","CHEMISTRY, PHYSICAL - SCIE","5.31","0.056",
"BIOCHIMICA ET BIOPHYSICA ACTA-MOLECULAR CELL RESEARCH","BBA-MOL CELL RES","0167-4889","1879-2596","BIOCHEMISTRY & MOLECULAR BIOLOGY - SCIE","5.297","0.029",
"Topics in Organometallic Chemistry","TOP ORGANOMETAL CHEM","1436-6002","1616-8534","CHEMISTRY, INORGANIC & NUCLEAR - SCIE","5.293","0.003",
"PROCEEDINGS OF THE ROYAL SOCIETY B-BIOLOGICAL SCIENCES","P ROY SOC B-BIOL SCI","0962-8452","1471-2954","BIOLOGY - SCIE","5.292","0.093",
"NEURO-ONCOLOGY","NEURO-ONCOLOGY","1522-8517","1523-5866","ONCOLOGY - SCIE","5.286","0.017",
"Cancer Prevention Research","CANCER PREV RES","1940-6207","1940-6215","ONCOLOGY - SCIE","5.269","0.021",
"CARCINOGENESIS","CARCINOGENESIS","0143-3334","1460-2180","ONCOLOGY - SCIE","5.266","0.04",
"EUROPEAN JOURNAL OF NUCLEAR MEDICINE AND MOLECULAR IMAGING","EUR J NUCL MED MOL I","1619-7070","1619-7089","RADIOLOGY, NUCLEAR MEDICINE & MEDICAL IMAGING - SCIE","5.217","0.026",
"JOURNAL OF CARDIOVASCULAR MAGNETIC RESONANCE","J CARDIOVASC MAGN R","1097-6647","1532-429X","RADIOLOGY, NUCLEAR MEDICINE & MEDICAL IMAGING - SCIE","5.112","0.008",
"Epigenetics","EPIGENETICS-US","1559-2294","1559-2308","BIOCHEMISTRY & MOLECULAR BIOLOGY - SCIE","5.108","0.017",
"BIOCHIMICA ET BIOPHYSICA ACTA-MOLECULAR BASIS OF DISEASE","BBA-MOL BASIS DIS","0925-4439","1879-260X","BIOCHEMISTRY & MOLECULAR BIOLOGY - SCIE","5.089","0.02",
"QUARTERLY REVIEW OF BIOLOGY","Q REV BIOL","0033-5770","1539-7718","BIOLOGY - SCIE","5.059","0.003",
"ChemCatChem","CHEMCATCHEM","1867-3880","1867-3899","CHEMISTRY, PHYSICAL - SCIE","5.044","0.017",
"MOLECULAR AND CELLULAR BIOLOGY","MOL CELL BIOL","0270-7306","1098-5549","BIOCHEMISTRY & MOLECULAR BIOLOGY - SCIE","5.036","0.108",
"MOLECULAR MICROBIOLOGY","MOL MICROBIOL","0950-382X","1365-2958","BIOCHEMISTRY & MOLECULAR BIOLOGY - SCIE","5.026","0.073",
"CANCER LETTERS","CANCER LETT","0304-3835","1872-7980","ONCOLOGY - SCIE","5.016","0.042",
"INTERNATIONAL JOURNAL OF CANCER","INT J CANCER","0020-7136","1097-0215","ONCOLOGY - SCIE","5.007","0.099",
"JOURNAL OF PROTEOME RESEARCH","J PROTEOME RES","1535-3893","1535-3907","BIOCHEMICAL RESEARCH METHODS - SCIE","5.001","0.064",
"JOURNAL OF MAMMARY GLAND BIOLOGY AND NEOPLASIA","J MAMMARY GLAND BIOL","1083-3021","1573-7039","ONCOLOGY - SCIE","5","0.005",
"Journal of Hematology & Oncology","J HEMATOL ONCOL","1756-8722","1756-8722","ONCOLOGY - SCIE","4.933","0.005",
"BIOESSAYS","BIOESSAYS","0265-9247","1521-1878","BIOCHEMISTRY & MOLECULAR BIOLOGY - SCIE","4.927","0.02",
"BIOESSAYS","BIOESSAYS","0265-9247","1521-1878","BIOLOGY - SCIE","4.927","0.02",
"INTERNATIONAL REVIEWS IN PHYSICAL CHEMISTRY","INT REV PHYS CHEM","0144-235X","1366-591X","CHEMISTRY, PHYSICAL - SCIE","4.92","0.003",
"PROGRESS IN SURFACE SCIENCE","PROG SURF SCI","0079-6816","1878-4240","CHEMISTRY, PHYSICAL - SCIE","4.913","0.003",
"ENDOCRINE-RELATED CANCER","ENDOCR-RELAT CANCER","1351-0088","1479-6821","ONCOLOGY - SCIE","4.907","0.013",
"CANCER","CANCER-AM CANCER SOC","0008-543X","1097-0142","ONCOLOGY - SCIE","4.901","0.104",
"RADIOTHERAPY AND ONCOLOGY","RADIOTHER ONCOL","0167-8140","1879-0887","ONCOLOGY - SCIE","4.857","0.032",
"RADIOTHERAPY AND ONCOLOGY","RADIOTHER ONCOL","0167-8140","1879-0887","RADIOLOGY, NUCLEAR MEDICINE & MEDICAL IMAGING - SCIE","4.857","0.032",
"Journal of Physical Chemistry C","J PHYS CHEM C","1932-7447","1932-7455","CHEMISTRY, PHYSICAL - SCIE","4.835","0.321",
"BIOCHIMICA ET BIOPHYSICA ACTA-BIOENERGETICS","BBA-BIOENERGETICS","0005-2728","1879-2650","BIOCHEMISTRY & MOLECULAR BIOLOGY - SCIE","4.829","0.026",
"PLoS Computational Biology","PLOS COMPUT BIOL","1553-7358","1553-7358","BIOCHEMICAL RESEARCH METHODS - SCIE","4.829","0.086",
"Gastric Cancer","GASTRIC CANCER","1436-3291","1436-3305","ONCOLOGY - SCIE","4.828","0.004",
"MOLECULAR MEDICINE","MOL MED","1076-1551","1528-3658","BIOCHEMISTRY & MOLECULAR BIOLOGY - SCIE","4.824","0.013",
"BIOCONJUGATE CHEMISTRY","BIOCONJUGATE CHEM","1043-1802","1520-4812","BIOCHEMICAL RESEARCH METHODS - SCIE","4.821","0.03",
"BIOCONJUGATE CHEMISTRY","BIOCONJUGATE CHEM","1043-1802","1520-4812","BIOCHEMISTRY & MOLECULAR BIOLOGY - SCIE","4.821","0.03",
"BIOCONJUGATE CHEMISTRY","BIOCONJUGATE CHEM","1043-1802","1520-4812","CHEMISTRY, MULTIDISCIPLINARY - SCIE","4.821","0.03",
"EUROPEAN JOURNAL OF CANCER","EUR J CANCER","0959-8049","1879-0852","ONCOLOGY - SCIE","4.819","0.056",
"BRITISH JOURNAL OF CANCER","BRIT J CANCER","0007-0920","1532-1827","ONCOLOGY - SCIE","4.817","0.078",
"INORGANIC CHEMISTRY","INORG CHEM","0020-1669","1520-510X","CHEMISTRY, INORGANIC & NUCLEAR - SCIE","4.794","0.117",
"BIOCHEMICAL JOURNAL","BIOCHEM J","0264-6021","1470-8728","BIOCHEMISTRY & MOLECULAR BIOLOGY - SCIE","4.779","0.071",
"MOLECULAR CARCINOGENESIS","MOL CARCINOGEN","0899-1987","1098-2744","BIOCHEMISTRY & MOLECULAR BIOLOGY - SCIE","4.77","0.01",
"MOLECULAR CARCINOGENESIS","MOL CARCINOGEN","0899-1987","1098-2744","ONCOLOGY - SCIE","4.77","0.01",
"Catalysis Science & Technology","CATAL SCI TECHNOL","2044-4753","2044-4761","CHEMISTRY, PHYSICAL - SCIE","4.76","0.009",
"JOURNAL OF LIPID RESEARCH","J LIPID RES","0022-2275","1539-7262","BIOCHEMISTRY & MOLECULAR BIOLOGY - SCIE","4.73","0.042",
"ULTRASCHALL IN DER MEDIZIN","ULTRASCHALL MED","0172-4614","1438-8782","RADIOLOGY, NUCLEAR MEDICINE & MEDICAL IMAGING - SCIE","4.645","0.003",
"RNA-A PUBLICATION OF THE RNA SOCIETY","RNA","1355-8382","1469-9001","BIOCHEMISTRY & MOLECULAR BIOLOGY - SCIE","4.622","0.045",
"BIOINFORMATICS","BIOINFORMATICS","1367-4803","1367-4811","BIOCHEMICAL RESEARCH METHODS - SCIE","4.621","0.181",
"Topics in Current Chemistry","TOP CURR CHEM","0340-1022","1436-5049","CHEMISTRY, MULTIDISCIPLINARY - SCIE","4.607","0.01",
"JOURNAL OF BIOLOGICAL CHEMISTRY","J BIOL CHEM","0021-9258","1083-351X","BIOCHEMISTRY & MOLECULAR BIOLOGY - SCIE","4.6","0.617",
"JOURNAL OF NUTRITIONAL BIOCHEMISTRY","J NUTR BIOCHEM","0955-2863","1873-4847","BIOCHEMISTRY & MOLECULAR BIOLOGY - SCIE","4.592","0.013",
"CRYSTAL GROWTH & DESIGN","CRYST GROWTH DES","1528-7483","1528-7505","CHEMISTRY, MULTIDISCIPLINARY - SCIE","4.558","0.055",
"Open Biology","OPEN BIOL","2046-2441","2046-2441","BIOCHEMISTRY & MOLECULAR BIOLOGY - SCIE","4.556","0.003",
"Journal of Cheminformatics","J CHEMINFORMATICS","1758-2946","1758-2946","CHEMISTRY, MULTIDISCIPLINARY - SCIE","4.54","0.002",
"ONCOLOGIST","ONCOLOGIST","1083-7159","1549-490X","ONCOLOGY - SCIE","4.54","0.024",
"International Review of Cell and Molecular Biology","INT REV CEL MOL BIO","1937-6448","N/A","BIOCHEMISTRY & MOLECULAR BIOLOGY - SCIE","4.522","0.006",
"ANALYTICA CHIMICA ACTA","ANAL CHIM ACTA","0003-2670","1873-4324","CHEMISTRY, ANALYTICAL - SCIE","4.517","0.06",
"Journal of Cardiovascular Computed Tomography","J CARDIOVASC COMPUT","1934-5925","1934-5925","RADIOLOGY, NUCLEAR MEDICINE & MEDICAL IMAGING - SCIE","4.506","0.004",
"MOLECULAR CANCER RESEARCH","MOL CANCER RES","1541-7786","1557-3125","ONCOLOGY - SCIE","4.502","0.022",
"BIOCHIMICA ET BIOPHYSICA ACTA-MOLECULAR AND CELL BIOLOGY OF LIPIDS","BBA-MOL CELL BIOL L","1388-1981","1879-2618","BIOCHEMISTRY & MOLECULAR BIOLOGY - SCIE","4.495","0.018",
"MOLECULAR PLANT-MICROBE INTERACTIONS","MOL PLANT MICROBE IN","0894-0282","1943-7706","BIOCHEMISTRY & MOLECULAR BIOLOGY - SCIE","4.455","0.018",
"INVESTIGATIVE RADIOLOGY","INVEST RADIOL","0020-9996","1536-0210","RADIOLOGY, NUCLEAR MEDICINE & MEDICAL IMAGING - SCIE","4.453","0.011",
"Essays in Biochemistry","ESSAYS BIOCHEM","0071-1365","1744-1358","BIOCHEMISTRY & MOLECULAR BIOLOGY - SCIE","4.39","0.003",
"LANGMUIR","LANGMUIR","0743-7463","1520-5827","CHEMISTRY, MULTIDISCIPLINARY - SCIE","4.384","0.199",
"LANGMUIR","LANGMUIR","0743-7463","1520-5827","CHEMISTRY, PHYSICAL - SCIE","4.384","0.199",
"International Journal of Biological Sciences","INT J BIOL SCI","1449-2288","1449-2288","BIOCHEMISTRY & MOLECULAR BIOLOGY - SCIE","4.372","0.008",
"EUROPEAN RADIOLOGY","EUR RADIOL","0938-7994","1432-1084","RADIOLOGY, NUCLEAR MEDICINE & MEDICAL IMAGING - SCIE","4.338","0.033",
"CANCER EPIDEMIOLOGY BIOMARKERS & PREVENTION","CANCER EPIDEM BIOMAR","1055-9965","1538-7755","ONCOLOGY - SCIE","4.324","0.051",
"COLLOIDS AND SURFACES B-BIOINTERFACES","COLLOID SURFACE B","0927-7765","1873-4367","CHEMISTRY, PHYSICAL - SCIE","4.287","0.029",
"FOOD HYDROCOLLOIDS","FOOD HYDROCOLLOID","0268-005X","1873-7137","CHEMISTRY, APPLIED - SCIE","4.28","0.016",
"JOURNAL OF CHROMATOGRAPHY A","J CHROMATOGR A","0021-9673","1873-3778","BIOCHEMICAL RESEARCH METHODS - SCIE","4.258","0.08",
"JOURNAL OF CHROMATOGRAPHY A","J CHROMATOGR A","0021-9673","1873-3778","CHEMISTRY, ANALYTICAL - SCIE","4.258","0.08",
"Advances in Cancer Research","ADV CANCER RES","0065-230X","2162-5557","ONCOLOGY - SCIE","4.255","0.005",
"ORGANOMETALLICS","ORGANOMETALLICS","0276-7333","1520-6041","CHEMISTRY, INORGANIC & NUCLEAR - SCIE","4.253","0.06",
"Frontiers in Bioscience-Landmark","FRONT BIOSCI-LANDMRK","1093-9946","2768-6698","BIOCHEMISTRY & MOLECULAR BIOLOGY - SCIE","4.249","0.026",
"JOURNAL OF NEUROCHEMISTRY","J NEUROCHEM","0022-3042","1471-4159","BIOCHEMISTRY & MOLECULAR BIOLOGY - SCIE","4.244","0.057",
"INTERNATIONAL JOURNAL OF BIOCHEMISTRY & CELL BIOLOGY","INT J BIOCHEM CELL B","1357-2725","1878-5875","BIOCHEMISTRY & MOLECULAR BIOLOGY - SCIE","4.24","0.033",
"Journal of the National Comprehensive Cancer Network","J NATL COMPR CANC NE","1540-1405","1540-1413","ONCOLOGY - SCIE","4.237","0.013",
"EUROPEAN JOURNAL OF HUMAN GENETICS","EUR J HUM GENET","1018-4813","1476-5438","BIOCHEMISTRY & MOLECULAR BIOLOGY - SCIE","4.225","0.025",
"ACS Chemical Neuroscience","ACS CHEM NEUROSCI","1948-7193","1948-7193","BIOCHEMISTRY & MOLECULAR BIOLOGY - SCIE","4.21","0.006",
"ACS Chemical Neuroscience","ACS CHEM NEUROSCI","1948-7193","1948-7193","CHEMISTRY, MEDICINAL - SCIE","4.21","0.006",
"BREAST CANCER RESEARCH AND TREATMENT","BREAST CANCER RES TR","0167-6806","1573-7217","ONCOLOGY - SCIE","4.198","0.054",
"PHYSICAL CHEMISTRY CHEMICAL PHYSICS","PHYS CHEM CHEM PHYS","1463-9076","1463-9084","CHEMISTRY, PHYSICAL - SCIE","4.198","0.155",
"GENE THERAPY","GENE THER","0969-7128","1476-5462","BIOCHEMISTRY & MOLECULAR BIOLOGY - SCIE","4.196","0.014",
"FARADAY DISCUSSIONS","FARADAY DISCUSS","1359-6640","1364-5498","CHEMISTRY, PHYSICAL - SCIE","4.194","0.014",
"CHEMICAL RESEARCH IN TOXICOLOGY","CHEM RES TOXICOL","0893-228X","1520-5010","CHEMISTRY, MEDICINAL - SCIE","4.19","0.02",
"CHEMICAL RESEARCH IN TOXICOLOGY","CHEM RES TOXICOL","0893-228X","1520-5010","CHEMISTRY, MULTIDISCIPLINARY - SCIE","4.19","0.02",
"INTERNATIONAL JOURNAL OF RADIATION ONCOLOGY BIOLOGY PHYSICS","INT J RADIAT ONCOL","0360-3016","1879-355X","ONCOLOGY - SCIE","4.176","0.079",
"INTERNATIONAL JOURNAL OF RADIATION ONCOLOGY BIOLOGY PHYSICS","INT J RADIAT ONCOL","0360-3016","1879-355X","RADIOLOGY, NUCLEAR MEDICINE & MEDICAL IMAGING - SCIE","4.176","0.079",
"Soft Matter","SOFT MATTER","1744-683X","1744-6848","CHEMISTRY, PHYSICAL - SCIE","4.151","0.092",
"PLANT SCIENCE","PLANT SCI","0168-9452","1873-2259","BIOCHEMISTRY & MOLECULAR BIOLOGY - SCIE","4.114","0.015",
"AMERICAN JOURNAL OF RESPIRATORY CELL AND MOLECULAR BIOLOGY","AM J RESP CELL MOL","1044-1549","1535-4989","BIOCHEMISTRY & MOLECULAR BIOLOGY - SCIE","4.109","0.022",
"DALTON TRANSACTIONS","DALTON T","1477-9226","1477-9234","CHEMISTRY, INORGANIC & NUCLEAR - SCIE","4.097","0.091",
"PLANT MOLECULAR BIOLOGY","PLANT MOL BIOL","0167-4412","1573-5028","BIOCHEMISTRY & MOLECULAR BIOLOGY - SCIE","4.072","0.015",
"Journal of Chemical Information and Modeling","J CHEM INF MODEL","1549-9596","1549-960X","CHEMISTRY, MEDICINAL - SCIE","4.068","0.019",
"Journal of Chemical Information and Modeling","J CHEM INF MODEL","1549-9596","1549-960X","CHEMISTRY, MULTIDISCIPLINARY - SCIE","4.068","0.019",
"JOURNAL OF STEROID BIOCHEMISTRY AND MOLECULAR BIOLOGY","J STEROID BIOCHEM","0960-0760","1879-1220","BIOCHEMISTRY & MOLECULAR BIOLOGY - SCIE","4.049","0.013",
"CRITICAL REVIEWS IN ONCOLOGY HEMATOLOGY","CRIT REV ONCOL HEMAT","1040-8428","1879-0461","ONCOLOGY - SCIE","4.046","0.011",
"PSYCHO-ONCOLOGY","PSYCHO-ONCOLOGY","1057-9249","1099-1611","ONCOLOGY - SCIE","4.044","0.017",
"Biology Direct","BIOL DIRECT","1745-6150","1745-6150","BIOLOGY - SCIE","4.035","0.007",
"NEUROSIGNALS","NEUROSIGNALS","1424-862X","1424-8638","BIOCHEMISTRY & MOLECULAR BIOLOGY - SCIE","4.026","0.002",
"MOLECULAR PHYLOGENETICS AND EVOLUTION","MOL PHYLOGENET EVOL","1055-7903","1095-9513","BIOCHEMISTRY & MOLECULAR BIOLOGY - SCIE","4.018","0.035",
"Future Medicinal Chemistry","FUTURE MED CHEM","1756-8919","1756-8927","CHEMISTRY, MEDICINAL - SCIE","4","0.007",
"FEBS Journal","FEBS J","1742-464X","1742-4658","BIOCHEMISTRY & MOLECULAR BIOLOGY - SCIE","3.986","0.048",
"Metallomics","METALLOMICS","1756-5901","1756-591X","BIOCHEMISTRY & MOLECULAR BIOLOGY - SCIE","3.978","0.006",
"PROTEOMICS","PROTEOMICS","1615-9853","1615-9861","BIOCHEMICAL RESEARCH METHODS - SCIE","3.973","0.04",
"PROTEOMICS","PROTEOMICS","1615-9853","1615-9861","BIOCHEMISTRY & MOLECULAR BIOLOGY - SCIE","3.973","0.04",
"American Journal of Cancer Research","AM J CANCER RES","2156-6976","2156-6976","ONCOLOGY - SCIE","3.968","0.002",
"JOURNAL OF MOLECULAR BIOLOGY","J MOL BIOL","0022-2836","1089-8638","BIOCHEMISTRY & MOLECULAR BIOLOGY - SCIE","3.959","0.113",
"PHARMACEUTICAL RESEARCH","PHARM RES-DORDR","0724-8741","1573-904X","CHEMISTRY, MULTIDISCIPLINARY - SCIE","3.952","0.026",
"ACS Synthetic Biology","ACS SYNTH BIOL","2161-5063","N/A","BIOCHEMICAL RESEARCH METHODS - SCIE","3.951","0.002",
"JOURNAL OF NATURAL PRODUCTS","J NAT PROD","0163-3864","1520-6025","CHEMISTRY, MEDICINAL - SCIE","3.947","0.026",
"ANNALS OF SURGICAL ONCOLOGY","ANN SURG ONCOL","1068-9265","1534-4681","ONCOLOGY - SCIE","3.943","0.055",
"CANCER IMMUNOLOGY IMMUNOTHERAPY","CANCER IMMUNOL IMMUN","0340-7004","1432-0851","ONCOLOGY - SCIE","3.943","0.016",
"SEMINARS IN ONCOLOGY","SEMIN ONCOL","0093-7754","1532-8708","ONCOLOGY - SCIE","3.943","0.008",
"Chemistry-An Asian Journal","CHEM-ASIAN J","1861-4728","1861-471X","CHEMISTRY, MULTIDISCIPLINARY - SCIE","3.935","0.025",
"Journal of Proteomics","J PROTEOMICS","1874-3919","1876-7737","BIOCHEMICAL RESEARCH METHODS - SCIE","3.929","0.019",
"Advances in Carbohydrate Chemistry and Biochemistry","ADV CARBOHYD CHEM BI","0065-2318","2162-5530","BIOCHEMISTRY & MOLECULAR BIOLOGY - SCIE","3.917","0.001",
"CARBOHYDRATE POLYMERS","CARBOHYD POLYM","0144-8617","1879-1344","CHEMISTRY, APPLIED - SCIE","3.916","0.04",
"ANALYST","ANALYST","0003-2654","1364-5528","CHEMISTRY, ANALYTICAL - SCIE","3.906","0.038",
"Reviews of Physiology Biochemistry and Pharmacology","REV PHYSIOL BIOCH P","0303-4240","N/A","BIOCHEMISTRY & MOLECULAR BIOLOGY - SCIE","3.9","0",
"JOURNAL OF INTERFERON AND CYTOKINE RESEARCH","J INTERF CYTOK RES","1079-9907","1557-7465","BIOCHEMISTRY & MOLECULAR BIOLOGY - SCIE","3.899","0.008",
"BIOELECTROCHEMISTRY","BIOELECTROCHEMISTRY","1567-5394","1878-562X","BIOCHEMISTRY & MOLECULAR BIOLOGY - SCIE","3.87","0.006",
"BIOELECTROCHEMISTRY","BIOELECTROCHEMISTRY","1567-5394","1878-562X","BIOLOGY - SCIE","3.87","0.006",
"CRYSTENGCOMM","CRYSTENGCOMM","1466-8033","1466-8033","CHEMISTRY, MULTIDISCIPLINARY - SCIE","3.858","0.04",
"Journal of Biophotonics","J BIOPHOTONICS","1864-063X","1864-0648","BIOCHEMICAL RESEARCH METHODS - SCIE","3.856","0.006",
"SENSORS AND ACTUATORS B-CHEMICAL","SENSOR ACTUAT B-CHEM","0925-4005","0925-4005","CHEMISTRY, ANALYTICAL - SCIE","3.84","0.053",
"GENES CHROMOSOMES & CANCER","GENE CHROMOSOME CANC","1045-2257","1098-2264","ONCOLOGY - SCIE","3.836","0.012",
"BIOCHIMICA ET BIOPHYSICA ACTA-GENERAL SUBJECTS","BBA-GEN SUBJECTS","0304-4165","1872-8006","BIOCHEMISTRY & MOLECULAR BIOLOGY - SCIE","3.829","0.019",
"ULTRASONICS SONOCHEMISTRY","ULTRASON SONOCHEM","1350-4177","1873-2828","CHEMISTRY, MULTIDISCIPLINARY - SCIE","3.816","0.01",
"CANCER CYTOPATHOLOGY","CANCER CYTOPATHOL","1934-662X","1934-6638","ONCOLOGY - SCIE","3.807","0.004",
"IEEE TRANSACTIONS ON MEDICAL IMAGING","IEEE T MED IMAGING","0278-0062","1558-254X","RADIOLOGY, NUCLEAR MEDICINE & MEDICAL IMAGING - SCIE","3.799","0.023",
"Biomicrofluidics","BIOMICROFLUIDICS","1932-1058","1932-1058","BIOCHEMICAL RESEARCH METHODS - SCIE","3.771","0.007",
"SEMINARS IN RADIATION ONCOLOGY","SEMIN RADIAT ONCOL","1053-4296","1532-9461","ONCOLOGY - SCIE","3.768","0.004",
"SEMINARS IN RADIATION ONCOLOGY","SEMIN RADIAT ONCOL","1053-4296","1532-9461","RADIOLOGY, NUCLEAR MEDICINE & MEDICAL IMAGING - SCIE","3.768","0.004",
"CURRENT OPINION IN ONCOLOGY","CURR OPIN ONCOL","1040-8746","1531-703X","ONCOLOGY - SCIE","3.761","0.009",
"GLYCOBIOLOGY","GLYCOBIOLOGY","0959-6658","1460-2423","BIOCHEMISTRY & MOLECULAR BIOLOGY - SCIE","3.747","0.014",
"LUNG CANCER","LUNG CANCER","0169-5002","1872-8332","ONCOLOGY - SCIE","3.737","0.023",
"Advances in Protein Chemistry and Structural Biology","ADV PROTEIN CHEM STR","1876-1623","N/A","BIOCHEMISTRY & MOLECULAR BIOLOGY - SCIE","3.736","0.002",
"CLINICAL & EXPERIMENTAL METASTASIS","CLIN EXP METASTAS","0262-0898","1573-7276","ONCOLOGY - SCIE","3.725","0.008",
"MICROCHIMICA ACTA","MICROCHIM ACTA","0026-3672","1436-5073","CHEMISTRY, ANALYTICAL - SCIE","3.719","0.01",
"CURRENT MEDICINAL CHEMISTRY","CURR MED CHEM","0929-8673","1875-533X","BIOCHEMISTRY & MOLECULAR BIOLOGY - SCIE","3.715","0.03",
"CURRENT MEDICINAL CHEMISTRY","CURR MED CHEM","0929-8673","1875-533X","CHEMISTRY, MEDICINAL - SCIE","3.715","0.03",
"ACTA ONCOLOGICA","ACTA ONCOL","0284-186X","1651-226X","ONCOLOGY - SCIE","3.71","0.013",
"Biotechnology Journal","BIOTECHNOL J","1860-6768","1860-7314","BIOCHEMICAL RESEARCH METHODS - SCIE","3.708","0.009",
"RSC Advances","RSC ADV","2046-2069","2046-2069","CHEMISTRY, MULTIDISCIPLINARY - SCIE","3.708","0.024",
"Geobiology","GEOBIOLOGY","1472-4677","1472-4669","BIOLOGY - SCIE","3.692","0.005",
"GYNECOLOGIC ONCOLOGY","GYNECOL ONCOL","0090-8258","1095-6859","ONCOLOGY - SCIE","3.687","0.034",
"MEDICAL IMAGE ANALYSIS","MED IMAGE ANAL","1361-8415","1361-8423","RADIOLOGY, NUCLEAR MEDICINE & MEDICAL IMAGING - SCIE","3.681","0.01",
"JOURNAL OF MOLECULAR CATALYSIS A-CHEMICAL","J MOL CATAL A-CHEM","1381-1169","1873-314X","CHEMISTRY, PHYSICAL - SCIE","3.679","0.018",
"AMERICAN JOURNAL OF NEURORADIOLOGY","AM J NEURORADIOL","0195-6108","1936-959X","RADIOLOGY, NUCLEAR MEDICINE & MEDICAL IMAGING - SCIE","3.675","0.036",
"APPLIED CATALYSIS A-GENERAL","APPL CATAL A-GEN","0926-860X","1873-3875","CHEMISTRY, PHYSICAL - SCIE","3.674","0.039",
"AMINO ACIDS","AMINO ACIDS","0939-4451","1438-2199","BIOCHEMISTRY & MOLECULAR BIOLOGY - SCIE","3.653","0.019",
"MACROMOLECULAR BIOSCIENCE","MACROMOL BIOSCI","1616-5187","1616-5195","BIOCHEMISTRY & MOLECULAR BIOLOGY - SCIE","3.65","0.011",
"MATRIX BIOLOGY","MATRIX BIOL","0945-053X","1569-1802","BIOCHEMISTRY & MOLECULAR BIOLOGY - SCIE","3.648","0.005",
"CANCER BIOLOGY & THERAPY","CANCER BIOL THER","1538-4047","1555-8576","ONCOLOGY - SCIE","3.63","0.02",
"APOPTOSIS","APOPTOSIS","1360-8185","1573-675X","BIOCHEMISTRY & MOLECULAR BIOLOGY - SCIE","3.614","0.011",
"CANCER JOURNAL","CANCER J","1528-9117","1540-336X","ONCOLOGY - SCIE","3.605","0.008",
"JOURNAL OF COMPUTATIONAL CHEMISTRY","J COMPUT CHEM","0192-8651","1096-987X","CHEMISTRY, MULTIDISCIPLINARY - SCIE","3.601","0.035",
"Advances in Organometallic Chemistry","ADV ORGANOMET CHEM","0065-3055","2162-7614","CHEMISTRY, INORGANIC & NUCLEAR - SCIE","3.6","0.001",
"Journal of Breath Research","J BREATH RES","1752-7155","1752-7163","BIOCHEMICAL RESEARCH METHODS - SCIE","3.59","0.002",
"MICROCHEMICAL JOURNAL","MICROCHEM J","0026-265X","1095-9149","CHEMISTRY, ANALYTICAL - SCIE","3.583","0.008",
"CURRENT CANCER DRUG TARGETS","CURR CANCER DRUG TAR","1568-0096","1873-5576","ONCOLOGY - SCIE","3.582","0.007",
"ANALYTICAL AND BIOANALYTICAL CHEMISTRY","ANAL BIOANAL CHEM","1618-2642","1618-2650","BIOCHEMICAL RESEARCH METHODS - SCIE","3.578","0.065",
"ANALYTICAL AND BIOANALYTICAL CHEMISTRY","ANAL BIOANAL CHEM","1618-2642","1618-2650","CHEMISTRY, ANALYTICAL - SCIE","3.578","0.065",
"NMR IN BIOMEDICINE","NMR BIOMED","0952-3480","1099-1492","RADIOLOGY, NUCLEAR MEDICINE & MEDICAL IMAGING - SCIE","3.559","0.013",
"JOURNAL OF COLLOID AND INTERFACE SCIENCE","J COLLOID INTERF SCI","0021-9797","1095-7103","CHEMISTRY, PHYSICAL - SCIE","3.552","0.064",
"Expert Review of Proteomics","EXPERT REV PROTEOMIC","1478-9450","1744-8387","BIOCHEMICAL RESEARCH METHODS - SCIE","3.542","0.004",
"CANCER SCIENCE","CANCER SCI","1349-7006","1349-7006","ONCOLOGY - SCIE","3.534","0.032",
"Marine Drugs","MAR DRUGS","1660-3397","1660-3397","CHEMISTRY, MEDICINAL - SCIE","3.512","0.009",
"TALANTA","TALANTA","0039-9140","1873-3573","CHEMISTRY, ANALYTICAL - SCIE","3.511","0.052",
"Biomedical Optics Express","BIOMED OPT EXPRESS","2156-7085","2156-7085","BIOCHEMICAL RESEARCH METHODS - SCIE","3.497","0.011",
"Biomedical Optics Express","BIOMED OPT EXPRESS","2156-7085","2156-7085","RADIOLOGY, NUCLEAR MEDICINE & MEDICAL IMAGING - SCIE","3.497","0.011",
"CURRENT DRUG METABOLISM","CURR DRUG METAB","1389-2002","1875-5453","BIOCHEMISTRY & MOLECULAR BIOLOGY - SCIE","3.487","0.008",
"DYES AND PIGMENTS","DYES PIGMENTS","0143-7208","1873-3743","CHEMISTRY, APPLIED - SCIE","3.468","0.011",
"BONE MARROW TRANSPLANTATION","BONE MARROW TRANSPL","0268-3369","1476-5365","ONCOLOGY - SCIE","3.466","0.018",
"Targeted Oncology","TARGET ONCOL","1776-2596","1776-260X","ONCOLOGY - SCIE","3.458","0.002",
"CURRENT TOPICS IN MEDICINAL CHEMISTRY","CURR TOP MED CHEM","1568-0266","1873-4294","CHEMISTRY, MEDICINAL - SCIE","3.453","0.013",
"Journal of Integrative Plant Biology","J INTEGR PLANT BIOL","1672-9072","1744-7909","BIOCHEMISTRY & MOLECULAR BIOLOGY - SCIE","3.448","0.007",
"EXPERT OPINION ON THERAPEUTIC PATENTS","EXPERT OPIN THER PAT","1354-3776","1744-7674","CHEMISTRY, MEDICINAL - SCIE","3.441","0.006",
"EUROPEAN JOURNAL OF MEDICINAL CHEMISTRY","EUR J MED CHEM","0223-5234","1768-3254","CHEMISTRY, MEDICINAL - SCIE","3.432","0.036",
"BIOCHIMICA ET BIOPHYSICA ACTA-BIOMEMBRANES","BBA-BIOMEMBRANES","0005-2736","1879-2642","BIOCHEMISTRY & MOLECULAR BIOLOGY - SCIE","3.431","0.029",
"Biology Letters","BIOL LETTERS","1744-9561","1744-957X","BIOLOGY - SCIE","3.425","0.029",
"INSECT BIOCHEMISTRY AND MOLECULAR BIOLOGY","INSECT BIOCHEM MOLEC","0965-1748","1879-0240","BIOCHEMISTRY & MOLECULAR BIOLOGY - SCIE","3.42","0.01",
"ACS Combinatorial Science","ACS COMB SCI","2156-8952","2156-8944","CHEMISTRY, APPLIED - SCIE","3.401","0.003",
"ACS Combinatorial Science","ACS COMB SCI","2156-8952","2156-8944","CHEMISTRY, MEDICINAL - SCIE","3.401","0.003",
"ACS Combinatorial Science","ACS COMB SCI","2156-8952","2156-8944","CHEMISTRY, MULTIDISCIPLINARY - SCIE","3.401","0.003",
"MAGNETIC RESONANCE IN MEDICINE","MAGN RESON MED","0740-3194","1522-2594","RADIOLOGY, NUCLEAR MEDICINE & MEDICAL IMAGING - SCIE","3.398","0.038",
"JOURNAL OF ANALYTICAL ATOMIC SPECTROMETRY","J ANAL ATOM SPECTROM","0267-9477","1364-5544","CHEMISTRY, ANALYTICAL - SCIE","3.396","0.014",
"JOURNAL OF PHYSICAL CHEMISTRY B","J PHYS CHEM B","1520-6106","1520-5207","CHEMISTRY, PHYSICAL - SCIE","3.377","0.153",
"PROGRESS IN BIOPHYSICS & MOLECULAR BIOLOGY","PROG BIOPHYS MOL BIO","0079-6107","1873-1732","BIOCHEMISTRY & MOLECULAR BIOLOGY - SCIE","3.377","0.007",
"EXPERIMENTAL CELL RESEARCH","EXP CELL RES","0014-4827","1090-2422","ONCOLOGY - SCIE","3.372","0.03",
"JOURNAL OF STRUCTURAL BIOLOGY","J STRUCT BIOL","1047-8477","1095-8657","BIOCHEMISTRY & MOLECULAR BIOLOGY - SCIE","3.369","0.023",
"JOURNAL OF CELLULAR BIOCHEMISTRY","J CELL BIOCHEM","0730-2312","1097-4644","BIOCHEMISTRY & MOLECULAR BIOLOGY - SCIE","3.368","0.034",
"UROLOGIC ONCOLOGY-SEMINARS AND ORIGINAL INVESTIGATIONS","UROL ONCOL-SEMIN ORI","1078-1439","1873-2496","ONCOLOGY - SCIE","3.363","0.009",
"CHEMPHYSCHEM","CHEMPHYSCHEM","1439-4235","1439-7641","CHEMISTRY, PHYSICAL - SCIE","3.36","0.036",
"JOURNAL OF IMMUNOTHERAPY","J IMMUNOTHER","1524-9557","1537-4513","ONCOLOGY - SCIE","3.354","0.008",
"PHYTOCHEMISTRY","PHYTOCHEMISTRY","0031-9422","1873-3700","BIOCHEMISTRY & MOLECULAR BIOLOGY - SCIE","3.35","0.021",
"FEBS LETTERS","FEBS LETT","0014-5793","1873-3468","BIOCHEMISTRY & MOLECULAR BIOLOGY - SCIE","3.341","0.073",
"Contrast Media & Molecular Imaging","CONTRAST MEDIA MOL I","1555-4309","1555-4317","RADIOLOGY, NUCLEAR MEDICINE & MEDICAL IMAGING - SCIE","3.333","0.004",
"CATALYSIS COMMUNICATIONS","CATAL COMMUN","1566-7367","1873-3905","CHEMISTRY, PHYSICAL - SCIE","3.32","0.024",
"BMC CANCER","BMC CANCER","1471-2407","1471-2407","ONCOLOGY - SCIE","3.319","0.048",
"JOURNAL OF BIOLOGICAL RHYTHMS","J BIOL RHYTHM","0748-7304","1552-4531","BIOLOGY - SCIE","3.316","0.005",
"SEPARATION AND PURIFICATION REVIEWS","SEP PURIF REV","1542-2119","1542-2127","CHEMISTRY, ANALYTICAL - SCIE","3.316","0.001",
"SEPARATION AND PURIFICATION REVIEWS","SEP PURIF REV","1542-2119","1542-2127","CHEMISTRY, APPLIED - SCIE","3.316","0.001",
"CATALYSIS TODAY","CATAL TODAY","0920-5861","1873-4308","CHEMISTRY, APPLIED - SCIE","3.309","0.037",
"CATALYSIS TODAY","CATAL TODAY","0920-5861","1873-4308","CHEMISTRY, PHYSICAL - SCIE","3.309","0.037",
"JOURNAL OF BIOMOLECULAR NMR","J BIOMOL NMR","0925-2738","1573-5001","BIOCHEMISTRY & MOLECULAR BIOLOGY - SCIE","3.305","0.01",
"Journal of Cancer Survivorship","J CANCER SURVIV","1932-2259","1932-2267","ONCOLOGY - SCIE","3.292","0.005",
"JOURNAL OF INORGANIC BIOCHEMISTRY","J INORG BIOCHEM","0162-0134","1873-3344","BIOCHEMISTRY & MOLECULAR BIOLOGY - SCIE","3.274","0.013",
"JOURNAL OF INORGANIC BIOCHEMISTRY","J INORG BIOCHEM","0162-0134","1873-3344","CHEMISTRY, INORGANIC & NUCLEAR - SCIE","3.274","0.013",
"JOURNAL OF EXPERIMENTAL & CLINICAL CANCER RESEARCH","J EXP CLIN CANC RES","1756-9966","1756-9966","ONCOLOGY - SCIE","3.271","0.008",
"CHROMOSOMA","CHROMOSOMA","0009-5915","1432-0886","BIOCHEMISTRY & MOLECULAR BIOLOGY - SCIE","3.26","0.007",
"FOOD CHEMISTRY","FOOD CHEM","0308-8146","1873-7072","CHEMISTRY, APPLIED - SCIE","3.259","0.087",
"ChemPlusChem","CHEMPLUSCHEM","2192-6506","2192-6506","CHEMISTRY, MULTIDISCIPLINARY - SCIE","3.242","0.002",
"CURRENT TREATMENT OPTIONS IN ONCOLOGY","CURR TREAT OPTION ON","1527-2729","1534-6277","ONCOLOGY - SCIE","3.24","0.002",
"BIOCHEMICAL SOCIETY TRANSACTIONS","BIOCHEM SOC T","0300-5127","1470-8752","BIOCHEMISTRY & MOLECULAR BIOLOGY - SCIE","3.238","0.03",
"American Journal of Translational Research","AM J TRANSL RES","1943-8141","1943-8141","ONCOLOGY - SCIE","3.226","0.003",
"METHODS","METHODS","1046-2023","1095-9130","BIOCHEMICAL RESEARCH METHODS - SCIE","3.221","0.021",
"METHODS","METHODS","1046-2023","1095-9130","BIOCHEMISTRY & MOLECULAR BIOLOGY - SCIE","3.221","0.021",
"Clinical Lung Cancer","CLIN LUNG CANCER","1525-7304","1938-0690","ONCOLOGY - SCIE","3.22","0.004",
"Cell and Bioscience","CELL BIOSCI","2045-3701","2045-3701","BIOCHEMISTRY & MOLECULAR BIOLOGY - SCIE","3.21","0.001",
"MICROPOROUS AND MESOPOROUS MATERIALS","MICROPOR MESOPOR MAT","1387-1811","1873-3093","CHEMISTRY, APPLIED - SCIE","3.209","0.031",
"MICROPOROUS AND MESOPOROUS MATERIALS","MICROPOR MESOPOR MAT","1387-1811","1873-3093","CHEMISTRY, PHYSICAL - SCIE","3.209","0.031",
"MARINE CHEMISTRY","MAR CHEM","0304-4203","1872-7581","CHEMISTRY, MULTIDISCIPLINARY - SCIE","3.2","0.011",
"BIOCHEMISTRY","BIOCHEMISTRY-US","0006-2960","1520-4995","BIOCHEMISTRY & MOLECULAR BIOLOGY - SCIE","3.194","0.12",
"JOURNAL OF THE AMERICAN SOCIETY FOR MASS SPECTROMETRY","J AM SOC MASS SPECTR","1044-0305","1879-1123","BIOCHEMISTRY & MOLECULAR BIOLOGY - SCIE","3.193","0.019",
"JOURNAL OF THE AMERICAN SOCIETY FOR MASS SPECTROMETRY","J AM SOC MASS SPECTR","1044-0305","1879-1123","CHEMISTRY, ANALYTICAL - SCIE","3.193","0.019",
"JOURNAL OF THE AMERICAN SOCIETY FOR MASS SPECTROMETRY","J AM SOC MASS SPECTR","1044-0305","1879-1123","CHEMISTRY, PHYSICAL - SCIE","3.193","0.019",
"BIOCHIMICA ET BIOPHYSICA ACTA-PROTEINS AND PROTEOMICS","BBA-PROTEINS PROTEOM","1570-9639","1878-1454","BIOCHEMISTRY & MOLECULAR BIOLOGY - SCIE","3.191","0.02",
"MINI-REVIEWS IN MEDICINAL CHEMISTRY","MINI-REV MED CHEM","1389-5575","1875-5607","CHEMISTRY, MEDICINAL - SCIE","3.186","0.007",
"Molecular BioSystems","MOL BIOSYST","1742-206X","1742-2051","BIOCHEMISTRY & MOLECULAR BIOLOGY - SCIE","3.183","0.023",
"NITRIC OXIDE-BIOLOGY AND CHEMISTRY","NITRIC OXIDE-BIOL CH","1089-8603","1089-8611","BIOCHEMISTRY & MOLECULAR BIOLOGY - SCIE","3.18","0.006",
"JOURNAL OF BIOLOGICAL INORGANIC CHEMISTRY","J BIOL INORG CHEM","0949-8257","1432-1327","BIOCHEMISTRY & MOLECULAR BIOLOGY - SCIE","3.164","0.008",
"JOURNAL OF BIOLOGICAL INORGANIC CHEMISTRY","J BIOL INORG CHEM","0949-8257","1432-1327","CHEMISTRY, INORGANIC & NUCLEAR - SCIE","3.164","0.008",
"ELECTROPHORESIS","ELECTROPHORESIS","0173-0835","1522-2683","BIOCHEMICAL RESEARCH METHODS - SCIE","3.161","0.024",
"ELECTROPHORESIS","ELECTROPHORESIS","0173-0835","1522-2683","CHEMISTRY, ANALYTICAL - SCIE","3.161","0.024",
"NEW JOURNAL OF CHEMISTRY","NEW J CHEM","1144-0546","1369-9261","CHEMISTRY, MULTIDISCIPLINARY - SCIE","3.159","0.017",
"ULTRASOUND IN OBSTETRICS & GYNECOLOGY","ULTRASOUND OBST GYN","0960-7692","1469-0705","RADIOLOGY, NUCLEAR MEDICINE & MEDICAL IMAGING - SCIE","3.14","0.017",
"SEMINARS IN NUCLEAR MEDICINE","SEMIN NUCL MED","0001-2998","1558-4623","RADIOLOGY, NUCLEAR MEDICINE & MEDICAL IMAGING - SCIE","3.13","0.003",
"Interface Focus","INTERFACE FOCUS","2042-8898","2042-8901","BIOLOGY - SCIE","3.124","0.003",
"BIOCHIMIE","BIOCHIMIE","0300-9084","1638-6183","BIOCHEMISTRY & MOLECULAR BIOLOGY - SCIE","3.123","0.019",
"PURE AND APPLIED CHEMISTRY","PURE APPL CHEM","0033-4545","1365-3075","CHEMISTRY, MULTIDISCIPLINARY - SCIE","3.112","0.013",
"Progress in Molecular Biology and Translational Science","PROG MOL BIOL TRANSL","1877-1173","N/A","BIOCHEMISTRY & MOLECULAR BIOLOGY - SCIE","3.111","0.006",
"JOURNAL OF PHYSICAL AND CHEMICAL REFERENCE DATA","J PHYS CHEM REF DATA","0047-2689","1529-7845","CHEMISTRY, MULTIDISCIPLINARY - SCIE","3.108","0.002",
"JOURNAL OF PHYSICAL AND CHEMICAL REFERENCE DATA","J PHYS CHEM REF DATA","0047-2689","1529-7845","CHEMISTRY, PHYSICAL - SCIE","3.108","0.002",
"JOURNAL OF AGRICULTURAL AND FOOD CHEMISTRY","J AGR FOOD CHEM","0021-8561","1520-5118","CHEMISTRY, APPLIED - SCIE","3.107","0.103",
"INTERNATIONAL JOURNAL OF BIOLOGICAL MACROMOLECULES","INT J BIOL MACROMOL","0141-8130","1879-0003","BIOCHEMISTRY & MOLECULAR BIOLOGY - SCIE","3.096","0.011",
"OLIGONUCLEOTIDES","OLIGONUCLEOTIDES","1545-4576","1557-8526","BIOCHEMISTRY & MOLECULAR BIOLOGY - SCIE","3.077","0.001",
"ACS Medicinal Chemistry Letters","ACS MED CHEM LETT","1948-5875","N/A","CHEMISTRY, MEDICINAL - SCIE","3.073","0.008",
"JOURNAL OF BIOCHEMISTRY","J BIOCHEM","0021-924X","1756-2651","BIOCHEMISTRY & MOLECULAR BIOLOGY - SCIE","3.073","0.012",
"JOURNAL OF ANALYTICAL AND APPLIED PYROLYSIS","J ANAL APPL PYROL","0165-2370","1873-250X","CHEMISTRY, ANALYTICAL - SCIE","3.07","0.009",
"CYTOMETRY PART A","CYTOM PART A","1552-4922","1552-4930","BIOCHEMICAL RESEARCH METHODS - SCIE","3.066","0.009",
"CHEMBIOCHEM","CHEMBIOCHEM","1439-4227","1439-7633","BIOCHEMISTRY & MOLECULAR BIOLOGY - SCIE","3.06","0.031",
"CHEMBIOCHEM","CHEMBIOCHEM","1439-4227","1439-7633","CHEMISTRY, MEDICINAL - SCIE","3.06","0.031",
"ChemMedChem","CHEMMEDCHEM","1860-7179","1860-7187","CHEMISTRY, MEDICINAL - SCIE","3.046","0.014",
"ARCHIVES OF BIOCHEMISTRY AND BIOPHYSICS","ARCH BIOCHEM BIOPHYS","0003-9861","1096-0384","BIOCHEMISTRY & MOLECULAR BIOLOGY - SCIE","3.043","0.024",
"Environmental Chemistry","ENVIRON CHEM","1448-2517","1449-8979","CHEMISTRY, ANALYTICAL - SCIE","3.035","0.004",
"ORAL ONCOLOGY","ORAL ONCOL","1368-8375","1879-0593","ONCOLOGY - SCIE","3.029","0.014",
"Bioanalysis","BIOANALYSIS","1757-6180","1757-6199","BIOCHEMICAL RESEARCH METHODS - SCIE","3.027","0.005",
"Bioanalysis","BIOANALYSIS","1757-6180","1757-6199","CHEMISTRY, ANALYTICAL - SCIE","3.027","0.005",
"Drug Design Development and Therapy","DRUG DES DEV THER","1177-8881","N/A","CHEMISTRY, MEDICINAL - SCIE","3.026","0.002",
"FUEL PROCESSING TECHNOLOGY","FUEL PROCESS TECHNOL","0378-3820","1873-7188","CHEMISTRY, APPLIED - SCIE","3.019","0.018",
"MEDICAL PHYSICS","MED PHYS","0094-2405","2473-4209","RADIOLOGY, NUCLEAR MEDICINE & MEDICAL IMAGING - SCIE","3.012","0.043",
"JOURNAL OF CANCER RESEARCH AND CLINICAL ONCOLOGY","J CANCER RES CLIN","0171-5216","1432-1335","ONCOLOGY - SCIE","3.009","0.013",
"JOURNAL OF PHARMACEUTICAL SCIENCES","J PHARM SCI-US","0022-3549","1520-6017","CHEMISTRY, MEDICINAL - SCIE","3.007","0.027",
"JOURNAL OF PHARMACEUTICAL SCIENCES","J PHARM SCI-US","0022-3549","1520-6017","CHEMISTRY, MULTIDISCIPLINARY - SCIE","3.007","0.027",
"MOLECULAR IMMUNOLOGY","MOL IMMUNOL","0161-5890","1872-9142","BIOCHEMISTRY & MOLECULAR BIOLOGY - SCIE","3.003","0.024",
"JOURNAL OF EXPERIMENTAL BIOLOGY","J EXP BIOL","0022-0949","1477-9145","BIOLOGY - SCIE","3.002","0.04",
"BIOFACTORS","BIOFACTORS","0951-6433","1872-8081","BIOCHEMISTRY & MOLECULAR BIOLOGY - SCIE","3","0.005",
"FREE RADICAL RESEARCH","FREE RADICAL RES","1071-5762","1029-2470","BIOCHEMISTRY & MOLECULAR BIOLOGY - SCIE","2.989","0.008",
"JOURNAL OF BIOMOLECULAR STRUCTURE & DYNAMICS","J BIOMOL STRUCT DYN","0739-1102","1538-0254","BIOCHEMISTRY & MOLECULAR BIOLOGY - SCIE","2.983","0.003",
"CHEMICO-BIOLOGICAL INTERACTIONS","CHEM-BIOL INTERACT","0009-2797","1872-7786","BIOCHEMISTRY & MOLECULAR BIOLOGY - SCIE","2.982","0.013",
"ONCOLOGY-NEW YORK","ONCOLOGY-NY","0890-9091","2767-7389","ONCOLOGY - SCIE","2.981","0.004",
"INSECT MOLECULAR BIOLOGY","INSECT MOL BIOL","0962-1075","1365-2583","BIOCHEMISTRY & MOLECULAR BIOLOGY - SCIE","2.976","0.006",
"Cancer Research and Treatment","CANCER RES TREAT","1598-2998","2005-9256","ONCOLOGY - SCIE","2.975","0.002",
"EUROPEAN JOURNAL OF INORGANIC CHEMISTRY","EUR J INORG CHEM","1434-1948","1099-0682","CHEMISTRY, INORGANIC & NUCLEAR - SCIE","2.965","0.032",
"CANCER CAUSES & CONTROL","CANCER CAUSE CONTROL","0957-5243","1573-7225","ONCOLOGY - SCIE","2.961","0.019",
"BIOORGANIC & MEDICINAL CHEMISTRY","BIOORGAN MED CHEM","0968-0896","1464-3391","BIOCHEMISTRY & MOLECULAR BIOLOGY - SCIE","2.951","0.051",
"BIOORGANIC & MEDICINAL CHEMISTRY","BIOORGAN MED CHEM","0968-0896","1464-3391","CHEMISTRY, MEDICINAL - SCIE","2.951","0.051",
"Anti-Cancer Agents in Medicinal Chemistry","ANTI-CANCER AGENT ME","1871-5206","1875-5992","CHEMISTRY, MEDICINAL - SCIE","2.939","0.006",
"Anti-Cancer Agents in Medicinal Chemistry","ANTI-CANCER AGENT ME","1871-5206","1875-5992","ONCOLOGY - SCIE","2.939","0.006",
"JOURNAL OF ETHNOPHARMACOLOGY","J ETHNOPHARMACOL","0378-8741","1872-7573","CHEMISTRY, MEDICINAL - SCIE","2.939","0.026",
"PHOTOCHEMICAL & PHOTOBIOLOGICAL SCIENCES","PHOTOCH PHOTOBIO SCI","1474-905X","1474-9092","BIOCHEMISTRY & MOLECULAR BIOLOGY - SCIE","2.939","0.012",
"PHOTOCHEMICAL & PHOTOBIOLOGICAL SCIENCES","PHOTOCH PHOTOBIO SCI","1474-905X","1474-9092","CHEMISTRY, PHYSICAL - SCIE","2.939","0.012",
"ChemistryOpen","CHEMISTRYOPEN","2191-1363","2191-1363","CHEMISTRY, MULTIDISCIPLINARY - SCIE","2.938","0",
"Expert Opinion on Drug Metabolism & Toxicology","EXPERT OPIN DRUG MET","1742-5255","1744-7607","BIOCHEMISTRY & MOLECULAR BIOLOGY - SCIE","2.934","0.008",
"INTERNATIONAL JOURNAL OF HYDROGEN ENERGY","INT J HYDROGEN ENERG","0360-3199","1879-3487","CHEMISTRY, PHYSICAL - SCIE","2.93","0.076",
"INVESTIGATIONAL NEW DRUGS","INVEST NEW DRUG","0167-6997","1573-0646","ONCOLOGY - SCIE","2.927","0.009",
"Journal of Genetics and Genomics","J GENET GENOMICS","1673-8527","1873-5533","BIOCHEMISTRY & MOLECULAR BIOLOGY - SCIE","2.924","0.005",
"REVIEWS IN INORGANIC CHEMISTRY","REV INORG CHEM","0193-4929","2191-0227","CHEMISTRY, INORGANIC & NUCLEAR - SCIE","2.923","0",
"PHYSICS IN MEDICINE AND BIOLOGY","PHYS MED BIOL","0031-9155","1361-6560","RADIOLOGY, NUCLEAR MEDICINE & MEDICAL IMAGING - SCIE","2.922","0.043",
"CATALYSIS SURVEYS FROM ASIA","CATAL SURV ASIA","1571-1013","1574-9266","CHEMISTRY, PHYSICAL - SCIE","2.921","0.001",
"PROTEINS-STRUCTURE FUNCTION AND BIOINFORMATICS","PROTEINS","0887-3585","1097-0134","BIOCHEMISTRY & MOLECULAR BIOLOGY - SCIE","2.921","0.035",
"Clinical Colorectal Cancer","CLIN COLORECTAL CANC","1533-0028","1938-0674","ONCOLOGY - SCIE","2.907","0.002",
"Food & Function","FOOD FUNCT","2042-6496","2042-650X","BIOCHEMISTRY & MOLECULAR BIOLOGY - SCIE","2.907","0.003",
"EJSO","EJSO-EUR J SURG ONC","0748-7983","1532-2157","ONCOLOGY - SCIE","2.892","0.013",
"Nucleic Acid Therapeutics","NUCLEIC ACID THER","2159-3337","2159-3345","BIOCHEMISTRY & MOLECULAR BIOLOGY - SCIE","2.888","0.001",
"Nucleic Acid Therapeutics","NUCLEIC ACID THER","2159-3337","2159-3345","CHEMISTRY, MEDICINAL - SCIE","2.888","0.001",
"Blood Cancer Journal","BLOOD CANCER J","2044-5385","2044-5385","ONCOLOGY - SCIE","2.884","0.001",
"MAMMALIAN GENOME","MAMM GENOME","0938-8990","1432-1777","BIOCHEMISTRY & MOLECULAR BIOLOGY - SCIE","2.883","0.005",
"CHRONOBIOLOGY INTERNATIONAL","CHRONOBIOL INT","0742-0528","1525-6073","BIOLOGY - SCIE","2.878","0.007",
"PHYTOMEDICINE","PHYTOMEDICINE","0944-7113","1618-095X","CHEMISTRY, MEDICINAL - SCIE","2.877","0.009",
"CYTOKINE","CYTOKINE","1043-4666","1096-0023","BIOCHEMISTRY & MOLECULAR BIOLOGY - SCIE","2.874","0.016",
"JOURNAL OF ELECTROANALYTICAL CHEMISTRY","J ELECTROANAL CHEM","1572-6657","1873-2569","CHEMISTRY, ANALYTICAL - SCIE","2.871","0.017",
"MOLECULAR IMAGING AND BIOLOGY","MOL IMAGING BIOL","1536-1632","1860-2002","RADIOLOGY, NUCLEAR MEDICINE & MEDICAL IMAGING - SCIE","2.869","0.006",
"CURRENT GENOMICS","CURR GENOMICS","1389-2029","1875-5488","BIOCHEMISTRY & MOLECULAR BIOLOGY - SCIE","2.868","0.005",
"Current Oncology Reports","CURR ONCOL REP","1523-3790","1534-6269","ONCOLOGY - SCIE","2.868","0.004",
"SOLID STATE NUCLEAR MAGNETIC RESONANCE","SOLID STATE NUCL MAG","0926-2040","1527-3326","CHEMISTRY, PHYSICAL - SCIE","2.864","0.002",
"Recent Patents on Anti-Cancer Drug Discovery","RECENT PAT ANTI-CANC","1574-8928","2212-3970","ONCOLOGY - SCIE","2.863","0.001",
"PROSTAGLANDINS & OTHER LIPID MEDIATORS","PROSTAG OTH LIPID M","1098-8823","2212-196X","BIOCHEMISTRY & MOLECULAR BIOLOGY - SCIE","2.862","0.003",
"PROTEIN SCIENCE","PROTEIN SCI","0961-8368","1469-896X","BIOCHEMISTRY & MOLECULAR BIOLOGY - SCIE","2.861","0.024",
"CLINICAL NUCLEAR MEDICINE","CLIN NUCL MED","0363-9762","1536-0229","RADIOLOGY, NUCLEAR MEDICINE & MEDICAL IMAGING - SCIE","2.857","0.005",
"JOURNAL OF SURGICAL ONCOLOGY","J SURG ONCOL","0022-4790","1096-9098","ONCOLOGY - SCIE","2.843","0.018",
"Drug Testing and Analysis","DRUG TEST ANAL","1942-7603","1942-7611","BIOCHEMICAL RESEARCH METHODS - SCIE","2.84","0.004",
"Drug Testing and Analysis","DRUG TEST ANAL","1942-7603","1942-7611","CHEMISTRY, ANALYTICAL - SCIE","2.84","0.004",
"TUMOR BIOLOGY","TUMOR BIOL","1010-4283","1423-0380","ONCOLOGY - SCIE","2.84","0.006",
"MOLECULAR GENETICS AND GENOMICS","MOL GENET GENOMICS","1617-4615","1617-4623","BIOCHEMISTRY & MOLECULAR BIOLOGY - SCIE","2.831","0.006",
"ONCOLOGY NURSING FORUM","ONCOL NURS FORUM","0190-535X","1538-0688","ONCOLOGY - SCIE","2.83","0.004",
"PROSTATE CANCER AND PROSTATIC DISEASES","PROSTATE CANCER P D","1365-7852","1476-5608","ONCOLOGY - SCIE","2.83","0.004",
"COMPARATIVE BIOCHEMISTRY AND PHYSIOLOGY C-TOXICOLOGY & PHARMACOLOGY","COMP BIOCHEM PHYS C","1532-0456","1878-1659","BIOCHEMISTRY & MOLECULAR BIOLOGY - SCIE","2.829","0.007",
"JOURNAL OF PHARMACEUTICAL AND BIOMEDICAL ANALYSIS","J PHARMACEUT BIOMED","0731-7085","1873-264X","CHEMISTRY, ANALYTICAL - SCIE","2.829","0.024",
"MOLECULAR GENETICS AND METABOLISM","MOL GENET METAB","1096-7192","1096-7206","BIOCHEMISTRY & MOLECULAR BIOLOGY - SCIE","2.827","0.015",
"CLINICAL ONCOLOGY","CLIN ONCOL-UK","0936-6555","1433-2981","ONCOLOGY - SCIE","2.826","0.007",
"Comparative Biochemistry and Physiology D-Genomics & Proteomics","COMP BIOCHEM PHYS D","1744-117X","1878-0407","BIOCHEMISTRY & MOLECULAR BIOLOGY - SCIE","2.823","0.002",
"REACTIVE & FUNCTIONAL POLYMERS","REACT FUNCT POLYM","1381-5148","1873-166X","CHEMISTRY, APPLIED - SCIE","2.822","0.006",
"JOURNAL OF PHOTOCHEMISTRY AND PHOTOBIOLOGY B-BIOLOGY","J PHOTOCH PHOTOBIO B","1011-1344","1873-2682","BIOCHEMISTRY & MOLECULAR BIOLOGY - SCIE","2.803","0.007",
"JOURNAL OF MAGNETIC RESONANCE IMAGING","J MAGN RESON IMAGING","1053-1807","1522-2586","RADIOLOGY, NUCLEAR MEDICINE & MEDICAL IMAGING - SCIE","2.788","0.031",
"JOURNAL OF NEURO-ONCOLOGY","J NEURO-ONCOL","0167-594X","1573-7373","ONCOLOGY - SCIE","2.787","0.02",
"JOURNAL OF COMPUTER-AIDED MOLECULAR DESIGN","J COMPUT AID MOL DES","0920-654X","1573-4951","BIOCHEMISTRY & MOLECULAR BIOLOGY - SCIE","2.782","0.006",
"JOURNAL OF PHYSICAL CHEMISTRY A","J PHYS CHEM A","1089-5639","1520-5215","CHEMISTRY, PHYSICAL - SCIE","2.775","0.099",
"INTERNATIONAL JOURNAL OF ONCOLOGY","INT J ONCOL","1019-6439","1791-2423","ONCOLOGY - SCIE","2.773","0.022",
"INTERNATIONAL JOURNAL OF HYPERTHERMIA","INT J HYPERTHER","0265-6736","1464-5157","ONCOLOGY - SCIE","2.769","0.004",
"INTERNATIONAL JOURNAL OF HYPERTHERMIA","INT J HYPERTHER","0265-6736","1464-5157","RADIOLOGY, NUCLEAR MEDICINE & MEDICAL IMAGING - SCIE","2.769","0.004",
"EUROPEAN JOURNAL OF CANCER PREVENTION","EUR J CANCER PREV","0959-8278","1473-5709","ONCOLOGY - SCIE","2.764","0.005",
"JOURNAL OF MOLECULAR NEUROSCIENCE","J MOL NEUROSCI","0895-8696","1559-1166","BIOCHEMISTRY & MOLECULAR BIOLOGY - SCIE","2.757","0.009",
"IUBMB LIFE","IUBMB LIFE","1521-6543","1521-6551","BIOCHEMISTRY & MOLECULAR BIOLOGY - SCIE","2.755","0.011",
"BIOTECHNIQUES","BIOTECHNIQUES","0736-6205","1940-9818","BIOCHEMICAL RESEARCH METHODS - SCIE","2.754","0.008",
"BIOTECHNIQUES","BIOTECHNIQUES","0736-6205","1940-9818","BIOCHEMISTRY & MOLECULAR BIOLOGY - SCIE","2.754","0.008",
"JOURNAL OF BIOMEDICAL OPTICS","J BIOMED OPT","1083-3668","1560-2281","BIOCHEMICAL RESEARCH METHODS - SCIE","2.752","0.025",
"JOURNAL OF BIOMEDICAL OPTICS","J BIOMED OPT","1083-3668","1560-2281","RADIOLOGY, NUCLEAR MEDICINE & MEDICAL IMAGING - SCIE","2.752","0.025",
"JOURNAL OF MOLECULAR CATALYSIS B-ENZYMATIC","J MOL CATAL B-ENZYM","1381-1177","1873-3158","BIOCHEMISTRY & MOLECULAR BIOLOGY - SCIE","2.745","0.009",
"JOURNAL OF MOLECULAR CATALYSIS B-ENZYMATIC","J MOL CATAL B-ENZYM","1381-1177","1873-3158","CHEMISTRY, PHYSICAL - SCIE","2.745","0.009",
"AMERICAN JOURNAL OF ROENTGENOLOGY","AM J ROENTGENOL","0361-803X","1546-3141","RADIOLOGY, NUCLEAR MEDICINE & MEDICAL IMAGING - SCIE","2.744","0.047",
"Plasmonics","PLASMONICS","1557-1955","1557-1963","CHEMISTRY, PHYSICAL - SCIE","2.738","0.004",
"INTERNATIONAL JOURNAL OF ENERGY RESEARCH","INT J ENERG RES","0363-907X","1099-114X","NUCLEAR SCIENCE & TECHNOLOGY - SCIE","2.737","0.006",
"STRAHLENTHERAPIE UND ONKOLOGIE","STRAHLENTHER ONKOL","0179-7158","1439-099X","ONCOLOGY - SCIE","2.733","0.004",
"STRAHLENTHERAPIE UND ONKOLOGIE","STRAHLENTHER ONKOL","0179-7158","1439-099X","RADIOLOGY, NUCLEAR MEDICINE & MEDICAL IMAGING - SCIE","2.733","0.004",
"RADIOGRAPHICS","RADIOGRAPHICS","0271-5333","N/A","RADIOLOGY, NUCLEAR MEDICINE & MEDICAL IMAGING - SCIE","2.729","0.012",
"JOURNAL OF ALLOYS AND COMPOUNDS","J ALLOY COMPD","0925-8388","1873-4669","CHEMISTRY, PHYSICAL - SCIE","2.726","0.1",
"STEROIDS","STEROIDS","0039-128X","1878-5867","BIOCHEMISTRY & MOLECULAR BIOLOGY - SCIE","2.716","0.01",
"JOURNAL OF MASS SPECTROMETRY","J MASS SPECTROM","1076-5174","1096-9888","BIOCHEMICAL RESEARCH METHODS - SCIE","2.709","0.012",
"JOURNAL OF MASS SPECTROMETRY","J MASS SPECTROM","1076-5174","1096-9888","CHEMISTRY, ANALYTICAL - SCIE","2.709","0.012",
"APPLIED CLAY SCIENCE","APPL CLAY SCI","0169-1317","1872-9053","CHEMISTRY, PHYSICAL - SCIE","2.703","0.014",
"JOURNAL OF CHROMATOGRAPHY B-ANALYTICAL TECHNOLOGIES IN THE BIOMEDICAL AND LIFE SCIENCES","J CHROMATOGR B","1570-0232","1873-376X","BIOCHEMICAL RESEARCH METHODS - SCIE","2.694","0.031",
"JOURNAL OF CHROMATOGRAPHY B-ANALYTICAL TECHNOLOGIES IN THE BIOMEDICAL AND LIFE SCIENCES","J CHROMATOGR B","1570-0232","1873-376X","CHEMISTRY, ANALYTICAL - SCIE","2.694","0.031",
"CRITICAL REVIEWS IN ANALYTICAL CHEMISTRY","CRIT REV ANAL CHEM","1040-8347","1547-6510","CHEMISTRY, ANALYTICAL - SCIE","2.692","0.001",
"LEUKEMIA RESEARCH","LEUKEMIA RES","0145-2126","1873-5835","ONCOLOGY - SCIE","2.692","0.015",
"BIOLOGICAL CHEMISTRY","BIOL CHEM","1431-6730","1437-4315","BIOCHEMISTRY & MOLECULAR BIOLOGY - SCIE","2.689","0.012",
"BIOMETALS","BIOMETALS","0966-0844","1572-8773","BIOCHEMISTRY & MOLECULAR BIOLOGY - SCIE","2.689","0.006",
"CHROMOSOME RESEARCH","CHROMOSOME RES","0967-3849","1573-6849","BIOCHEMISTRY & MOLECULAR BIOLOGY - SCIE","2.688","0.007",
"Arabian Journal of Chemistry","ARAB J CHEM","1878-5352","1878-5379","CHEMISTRY, MULTIDISCIPLINARY - SCIE","2.684","0.001",
"PHOTOCHEMISTRY AND PHOTOBIOLOGY","PHOTOCHEM PHOTOBIOL","0031-8655","1751-1097","BIOCHEMISTRY & MOLECULAR BIOLOGY - SCIE","2.684","0.011",
"Proteomics Clinical Applications","PROTEOM CLIN APPL","1862-8346","1862-8354","BIOCHEMICAL RESEARCH METHODS - SCIE","2.683","0.004",
"MOLECULAR REPRODUCTION AND DEVELOPMENT","MOL REPROD DEV","1040-452X","1098-2795","BIOCHEMISTRY & MOLECULAR BIOLOGY - SCIE","2.675","0.007",
"BMC BIOINFORMATICS","BMC BIOINFORMATICS","1471-2105","1471-2105","BIOCHEMICAL RESEARCH METHODS - SCIE","2.672","0.075",
"PROGRESS IN INORGANIC CHEMISTRY","PROG INORG CHEM","0079-6379","N/A","CHEMISTRY, INORGANIC & NUCLEAR - SCIE","2.667","0",
"Cancer Control","CANCER CONTROL","1073-2748","1526-2359","ONCOLOGY - SCIE","2.655","0.003",
"NEUROCHEMISTRY INTERNATIONAL","NEUROCHEM INT","0197-0186","1872-9754","BIOCHEMISTRY & MOLECULAR BIOLOGY - SCIE","2.65","0.015",
"JOURNAL OF NUCLEAR CARDIOLOGY","J NUCL CARDIOL","1071-3581","1532-6551","RADIOLOGY, NUCLEAR MEDICINE & MEDICAL IMAGING - SCIE","2.645","0.006",
"RAPID COMMUNICATIONS IN MASS SPECTROMETRY","RAPID COMMUN MASS SP","0951-4198","1097-0231","BIOCHEMICAL RESEARCH METHODS - SCIE","2.642","0.027",
"RAPID COMMUNICATIONS IN MASS SPECTROMETRY","RAPID COMMUN MASS SP","0951-4198","1097-0231","CHEMISTRY, ANALYTICAL - SCIE","2.642","0.027",
"Journal of Cancer","J CANCER","1837-9664","1837-9664","ONCOLOGY - SCIE","2.639","0.002",
"NUTRITION AND CANCER-AN INTERNATIONAL JOURNAL","NUTR CANCER","0163-5581","1532-7914","ONCOLOGY - SCIE","2.635","0.008",
"Clinical Breast Cancer","CLIN BREAST CANCER","1526-8209","1938-0666","ONCOLOGY - SCIE","2.628","0.004",
"JOURNAL OF ANALYTICAL TOXICOLOGY","J ANAL TOXICOL","0146-4760","1945-2403","CHEMISTRY, ANALYTICAL - SCIE","2.627","0.004",
"MedChemComm","MEDCHEMCOMM","2040-2503","2040-2511","BIOCHEMISTRY & MOLECULAR BIOLOGY - SCIE","2.626","0.005",
"MedChemComm","MEDCHEMCOMM","2040-2503","2040-2511","CHEMISTRY, MEDICINAL - SCIE","2.626","0.005",
"PEPTIDES","PEPTIDES","0196-9781","1873-5169","BIOCHEMISTRY & MOLECULAR BIOLOGY - SCIE","2.614","0.016",
"ONCOLOGY","ONCOLOGY-BASEL","0030-2414","1423-0232","ONCOLOGY - SCIE","2.613","0.008",
"AMERICAN JOURNAL OF CLINICAL ONCOLOGY-CANCER CLINICAL TRIALS","AM J CLIN ONCOL-CANC","0277-3732","1537-453X","ONCOLOGY - SCIE","2.611","0.006",
"Future Oncology","FUTURE ONCOL","1479-6694","1744-8301","ONCOLOGY - SCIE","2.611","0.008",
"LEUKEMIA & LYMPHOMA","LEUKEMIA LYMPHOMA","1042-8194","1029-2403","ONCOLOGY - SCIE","2.605","0.016",
"Organogenesis","ORGANOGENESIS","1547-6278","1555-8592","BIOCHEMISTRY & MOLECULAR BIOLOGY - SCIE","2.596","0.003",
"JOURNAL OF SEPARATION SCIENCE","J SEP SCI","1615-9306","1615-9314","CHEMISTRY, ANALYTICAL - SCIE","2.594","0.022",
"CHEMISTRY AND PHYSICS OF LIPIDS","CHEM PHYS LIPIDS","0009-3084","1873-2941","BIOCHEMISTRY & MOLECULAR BIOLOGY - SCIE","2.593","0.005",
"Plant Methods","PLANT METHODS","1746-4811","1746-4811","BIOCHEMICAL RESEARCH METHODS - SCIE","2.586","0.004",
"RUSSIAN CHEMICAL REVIEWS","RUSS CHEM REV+","0036-021X","1468-4837","CHEMISTRY, MULTIDISCIPLINARY - SCIE","2.583","0.004",
"BREAST","BREAST","0960-9776","1532-3080","ONCOLOGY - SCIE","2.581","0.007",
"CANCER CHEMOTHERAPY AND PHARMACOLOGY","CANCER CHEMOTH PHARM","0344-5704","1432-0843","ONCOLOGY - SCIE","2.571","0.017",
"JOURNAL OF SUPERCRITICAL FLUIDS","J SUPERCRIT FLUID","0896-8446","1872-8162","CHEMISTRY, PHYSICAL - SCIE","2.571","0.011",
"PEDIATRIC BLOOD & CANCER","PEDIATR BLOOD CANCER","1545-5009","1545-5017","ONCOLOGY - SCIE","2.562","0.025",
"ISRAEL JOURNAL OF CHEMISTRY","ISR J CHEM","0021-2148","1869-5868","CHEMISTRY, MULTIDISCIPLINARY - SCIE","2.561","0.004",
"Cancer Epidemiology","CANCER EPIDEMIOL","1877-7821","1877-783X","ONCOLOGY - SCIE","2.558","0.005",
"Translational Oncology","TRANSL ONCOL","1944-7124","1936-5233","ONCOLOGY - SCIE","2.558","0.003",
"Advances in Inorganic Chemistry","ADV INORG CHEM","0898-8838","1557-8917","CHEMISTRY, INORGANIC & NUCLEAR - SCIE","2.556","0.001",
"CANCER GENE THERAPY","CANCER GENE THER","0929-1903","1476-5500","ONCOLOGY - SCIE","2.553","0.006",
"NEUROCHEMICAL RESEARCH","NEUROCHEM RES","0364-3190","1573-6903","BIOCHEMISTRY & MOLECULAR BIOLOGY - SCIE","2.551","0.013",
"ORGANIC PROCESS RESEARCH & DEVELOPMENT","ORG PROCESS RES DEV","1083-6160","1520-586X","CHEMISTRY, APPLIED - SCIE","2.549","0.009",
"MOLECULAR DIVERSITY","MOL DIVERS","1381-1991","1573-501X","CHEMISTRY, APPLIED - SCIE","2.544","0.003",
"MOLECULAR DIVERSITY","MOL DIVERS","1381-1991","1573-501X","CHEMISTRY, MEDICINAL - SCIE","2.544","0.003",
"MOLECULAR DIVERSITY","MOL DIVERS","1381-1991","1573-501X","CHEMISTRY, MULTIDISCIPLINARY - SCIE","2.544","0.003",
"APPLIED SURFACE SCIENCE","APPL SURF SCI","0169-4332","1873-5584","CHEMISTRY, PHYSICAL - SCIE","2.538","0.076",
"Photodiagnosis and Photodynamic Therapy","PHOTODIAGN PHOTODYN","1572-1000","1873-1597","ONCOLOGY - SCIE","2.524","0.002",
"PROCESS BIOCHEMISTRY","PROCESS BIOCHEM","1359-5113","1873-3298","BIOCHEMISTRY & MOLECULAR BIOLOGY - SCIE","2.524","0.015",
"JOURNAL OF CHEMICAL NEUROANATOMY","J CHEM NEUROANAT","0891-0618","1873-6300","BIOCHEMISTRY & MOLECULAR BIOLOGY - SCIE","2.52","0.004",
"ASTROBIOLOGY","ASTROBIOLOGY","1531-1074","1557-8070","BIOLOGY - SCIE","2.512","0.006",
"CURRENT PHARMACEUTICAL BIOTECHNOLOGY","CURR PHARM BIOTECHNO","1389-2010","1873-4316","BIOCHEMISTRY & MOLECULAR BIOLOGY - SCIE","2.511","0.009",
"AMYLOID-JOURNAL OF PROTEIN FOLDING DISORDERS","AMYLOID","1350-6129","1744-2818","BIOCHEMISTRY & MOLECULAR BIOLOGY - SCIE","2.51","0.002",
"Chemical Biology & Drug Design","CHEM BIOL DRUG DES","1747-0277","1747-0285","BIOCHEMISTRY & MOLECULAR BIOLOGY - SCIE","2.507","0.007",
"Chemical Biology & Drug Design","CHEM BIOL DRUG DES","1747-0277","1747-0285","CHEMISTRY, MEDICINAL - SCIE","2.507","0.007",
"ELECTROANALYSIS","ELECTROANAL","1040-0397","1521-4109","CHEMISTRY, ANALYTICAL - SCIE","2.502","0.015",
"JOURNAL OF ENVIRONMENTAL SCIENCE AND HEALTH PART C-ENVIRONMENTAL CARCINOGENESIS & ECOTOXICOLOGY REVIEWS","J ENVIRON SCI HEAL C","1059-0501","1532-4095","ONCOLOGY - SCIE","2.5","0.001",
"ACTA PHARMACOLOGICA SINICA","ACTA PHARMACOL SIN","1671-4083","1745-7254","CHEMISTRY, MULTIDISCIPLINARY - SCIE","2.496","0.01",
"JOURNAL OF PHYSIOLOGY AND BIOCHEMISTRY","J PHYSIOL BIOCHEM","1138-7548","1877-8755","BIOCHEMISTRY & MOLECULAR BIOLOGY - SCIE","2.496","0.002",
"SUPPORTIVE CARE IN CANCER","SUPPORT CARE CANCER","0941-4355","1433-7339","ONCOLOGY - SCIE","2.495","0.016",
"JOURNAL OF CHEMICAL TECHNOLOGY AND BIOTECHNOLOGY","J CHEM TECHNOL BIOT","0268-2575","1097-4660","CHEMISTRY, MULTIDISCIPLINARY - SCIE","2.494","0.011",
"JOURNAL OF TRACE ELEMENTS IN MEDICINE AND BIOLOGY","J TRACE ELEM MED BIO","0946-672X","1878-3252","BIOCHEMISTRY & MOLECULAR BIOLOGY - SCIE","2.491","0.002",
"EXPERIMENTAL AND MOLECULAR MEDICINE","EXP MOL MED","1226-3613","2092-6413","BIOCHEMISTRY & MOLECULAR BIOLOGY - SCIE","2.462","0.005",
"Innate Immunity","INNATE IMMUN-LONDON","1753-4259","1753-4267","BIOCHEMISTRY & MOLECULAR BIOLOGY - SCIE","2.459","0.003",
"PHYTOCHEMICAL ANALYSIS","PHYTOCHEM ANALYSIS","0958-0344","1099-1565","BIOCHEMICAL RESEARCH METHODS - SCIE","2.45","0.004",
"PHYTOCHEMICAL ANALYSIS","PHYTOCHEM ANALYSIS","0958-0344","1099-1565","CHEMISTRY, ANALYTICAL - SCIE","2.45","0.004",
"RADIATION RESEARCH","RADIAT RES","0033-7587","1938-5404","BIOLOGY - SCIE","2.445","0.011",
"RADIATION RESEARCH","RADIAT RES","0033-7587","1938-5404","RADIOLOGY, NUCLEAR MEDICINE & MEDICAL IMAGING - SCIE","2.445","0.011",
"JOURNAL OF CHEMICAL THERMODYNAMICS","J CHEM THERMODYN","0021-9614","1096-3626","CHEMISTRY, PHYSICAL - SCIE","2.423","0.011",
"Cancer Genetics","CANCER GENET-NY","2210-7762","2210-7770","ONCOLOGY - SCIE","2.417","0.002",
"PLANT FOODS FOR HUMAN NUTRITION","PLANT FOOD HUM NUTR","0921-9668","1573-9104","CHEMISTRY, APPLIED - SCIE","2.416","0.002",
"COLLOID AND POLYMER SCIENCE","COLLOID POLYM SCI","0303-402X","1435-1536","CHEMISTRY, PHYSICAL - SCIE","2.41","0.008",
"NUCLEAR MEDICINE AND BIOLOGY","NUCL MED BIOL","0969-8051","1872-9614","RADIOLOGY, NUCLEAR MEDICINE & MEDICAL IMAGING - SCIE","2.408","0.006",
"Journal of Flow Chemistry","J FLOW CHEM","2062-249X","2063-0212","CHEMISTRY, MULTIDISCIPLINARY - SCIE","2.406","0",
"PHYTOTHERAPY RESEARCH","PHYTOTHER RES","0951-418X","1099-1573","CHEMISTRY, MEDICINAL - SCIE","2.397","0.012",
"JOURNAL OF MATHEMATICAL BIOLOGY","J MATH BIOL","0303-6812","1432-1416","BIOLOGY - SCIE","2.388","0.009",
"JOURNAL OF ENZYME INHIBITION AND MEDICINAL CHEMISTRY","J ENZYM INHIB MED CH","1475-6366","1475-6374","BIOCHEMISTRY & MOLECULAR BIOLOGY - SCIE","2.383","0.004",
"JOURNAL OF ENZYME INHIBITION AND MEDICINAL CHEMISTRY","J ENZYM INHIB MED CH","1475-6366","1475-6374","CHEMISTRY, MEDICINAL - SCIE","2.383","0.004",
"CHEMOMETRICS AND INTELLIGENT LABORATORY SYSTEMS","CHEMOMETR INTELL LAB","0169-7439","1873-3239","CHEMISTRY, ANALYTICAL - SCIE","2.381","0.007",
"CELL BIOCHEMISTRY AND BIOPHYSICS","CELL BIOCHEM BIOPHYS","1085-9195","1559-0283","BIOCHEMISTRY & MOLECULAR BIOLOGY - SCIE","2.38","0.005",
"NEURORADIOLOGY","NEURORADIOLOGY","0028-3940","1432-1920","RADIOLOGY, NUCLEAR MEDICINE & MEDICAL IMAGING - SCIE","2.374","0.009",
"PLANT MOLECULAR BIOLOGY REPORTER","PLANT MOL BIOL REP","0735-9640","1572-9818","BIOCHEMICAL RESEARCH METHODS - SCIE","2.374","0.002",
"COMPARATIVE BIOCHEMISTRY AND PHYSIOLOGY A-MOLECULAR & INTEGRATIVE PHYSIOLOGY","COMP BIOCHEM PHYS A","1095-6433","1531-4332","BIOCHEMISTRY & MOLECULAR BIOLOGY - SCIE","2.371","0.011",
"SURGICAL ONCOLOGY-OXFORD","SURG ONCOL","0960-7404","1879-3320","ONCOLOGY - SCIE","2.367","0.003",
"Radiation Oncology","RADIAT ONCOL","1748-717X","1748-717X","ONCOLOGY - SCIE","2.36","0.008",
"Radiation Oncology","RADIAT ONCOL","1748-717X","1748-717X","RADIOLOGY, NUCLEAR MEDICINE & MEDICAL IMAGING - SCIE","2.36","0.008",
"HEMATOLOGICAL ONCOLOGY","HEMATOL ONCOL","0278-0232","1099-1069","ONCOLOGY - SCIE","2.355","0.002",
"COLLOIDS AND SURFACES A-PHYSICOCHEMICAL AND ENGINEERING ASPECTS","COLLOID SURFACE A","0927-7757","1873-4359","CHEMISTRY, PHYSICAL - SCIE","2.354","0.03",
"LIPIDS","LIPIDS","0024-4201","1558-9307","BIOCHEMISTRY & MOLECULAR BIOLOGY - SCIE","2.353","0.007",
"BIOCHEMISTRY AND CELL BIOLOGY-BIOCHIMIE ET BIOLOGIE CELLULAIRE","BIOCHEM CELL BIOL","0829-8211","1208-6002","BIOCHEMISTRY & MOLECULAR BIOLOGY - SCIE","2.35","0.005",
"Food Additives and Contaminants Part A-Chemistry Analysis Control Exposure & Risk Assessment","FOOD ADDIT CONTAM A","1944-0049","1944-0057","CHEMISTRY, APPLIED - SCIE","2.341","0.009",
"INTERNATIONAL JOURNAL OF MOLECULAR SCIENCES","INT J MOL SCI","1422-0067","1422-0067","CHEMISTRY, MULTIDISCIPLINARY - SCIE","2.339","0.026",
"PLANTA MEDICA","PLANTA MED","0032-0943","1439-0221","CHEMISTRY, MEDICINAL - SCIE","2.339","0.012",
"JOURNAL OF MOLECULAR RECOGNITION","J MOL RECOGNIT","0952-3499","1099-1352","BIOCHEMISTRY & MOLECULAR BIOLOGY - SCIE","2.337","0.004",
"BIOORGANIC & MEDICINAL CHEMISTRY LETTERS","BIOORG MED CHEM LETT","0960-894X","1464-3405","CHEMISTRY, MEDICINAL - SCIE","2.331","0.065",
"CURRENT PROTEIN & PEPTIDE SCIENCE","CURR PROTEIN PEPT SC","1389-2037","1875-5550","BIOCHEMISTRY & MOLECULAR BIOLOGY - SCIE","2.328","0.005",
"INTERNATIONAL JOURNAL OF CARDIOVASCULAR IMAGING","INT J CARDIOVAS IMAG","1569-5794","1875-8312","RADIOLOGY, NUCLEAR MEDICINE & MEDICAL IMAGING - SCIE","2.322","0.007",
"BIOPHYSICAL CHEMISTRY","BIOPHYS CHEM","0301-4622","1873-4200","BIOCHEMISTRY & MOLECULAR BIOLOGY - SCIE","2.319","0.006",
"BIOPHYSICAL CHEMISTRY","BIOPHYS CHEM","0301-4622","1873-4200","CHEMISTRY, PHYSICAL - SCIE","2.319","0.006",
"PROTEIN ENGINEERING DESIGN & SELECTION","PROTEIN ENG DES SEL","1741-0126","1741-0134","BIOCHEMISTRY & MOLECULAR BIOLOGY - SCIE","2.319","0.007",
"Channels","CHANNELS","1933-6950","1933-6969","BIOCHEMISTRY & MOLECULAR BIOLOGY - SCIE","2.317","0.004",
"JOURNAL OF MAGNETIC RESONANCE","J MAGN RESON","1090-7807","1096-0856","BIOCHEMICAL RESEARCH METHODS - SCIE","2.315","0.015",
"Lipids in Health and Disease","LIPIDS HEALTH DIS","1476-511X","1476-511X","BIOCHEMISTRY & MOLECULAR BIOLOGY - SCIE","2.31","0.006",
"ANALYTICAL BIOCHEMISTRY","ANAL BIOCHEM","0003-2697","1096-0309","BIOCHEMICAL RESEARCH METHODS - SCIE","2.305","0.029",
"ANALYTICAL BIOCHEMISTRY","ANAL BIOCHEM","0003-2697","1096-0309","BIOCHEMISTRY & MOLECULAR BIOLOGY - SCIE","2.305","0.029",
"ANALYTICAL BIOCHEMISTRY","ANAL BIOCHEM","0003-2697","1096-0309","CHEMISTRY, ANALYTICAL - SCIE","2.305","0.029",
"JOURNAL OF THEORETICAL BIOLOGY","J THEOR BIOL","0022-5193","1095-8541","BIOLOGY - SCIE","2.303","0.03",
"JOURNAL OF ORGANOMETALLIC CHEMISTRY","J ORGANOMET CHEM","0022-328X","1872-8561","CHEMISTRY, INORGANIC & NUCLEAR - SCIE","2.302","0.017",
"PROGRESS IN ORGANIC COATINGS","PROG ORG COAT","0300-9440","1873-331X","CHEMISTRY, APPLIED - SCIE","2.302","0.008",
"Journal of Ginseng Research","J GINSENG RES","1226-8453","2093-4947","CHEMISTRY, MEDICINAL - SCIE","2.295","0.001",
"PLATINUM METALS REVIEW","PLATIN MET REV","0032-1400","1471-0676","CHEMISTRY, PHYSICAL - SCIE","2.294","0.001",
"CATALYSIS LETTERS","CATAL LETT","1011-372X","1572-879X","CHEMISTRY, PHYSICAL - SCIE","2.291","0.014",
"JOURNAL OF PHOTOCHEMISTRY AND PHOTOBIOLOGY A-CHEMISTRY","J PHOTOCH PHOTOBIO A","1010-6030","1873-2666","CHEMISTRY, PHYSICAL - SCIE","2.291","0.013",
"BIOPOLYMERS","BIOPOLYMERS","0006-3525","1097-0282","BIOCHEMISTRY & MOLECULAR BIOLOGY - SCIE","2.288","0.011",
"Current Hematologic Malignancy Reports","CURR HEMATOL MALIG R","1558-8211","1558-822X","ONCOLOGY - SCIE","2.286","0.002",
"Journal of the American College of Radiology","J AM COLL RADIOL","1546-1440","1558-349X","RADIOLOGY, NUCLEAR MEDICINE & MEDICAL IMAGING - SCIE","2.283","0.006",
"BIOCHEMICAL AND BIOPHYSICAL RESEARCH COMMUNICATIONS","BIOCHEM BIOPH RES CO","0006-291X","1090-2104","BIOCHEMISTRY & MOLECULAR BIOLOGY - SCIE","2.281","0.119",
"Brain Tumor Pathology","BRAIN TUMOR PATHOL","1433-7398","1861-387X","ONCOLOGY - SCIE","2.281","0.001",
"TRANSGENIC RESEARCH","TRANSGENIC RES","0962-8819","1573-9368","BIOCHEMICAL RESEARCH METHODS - SCIE","2.281","0.005",
"TRANSGENIC RESEARCH","TRANSGENIC RES","0962-8819","1573-9368","BIOCHEMISTRY & MOLECULAR BIOLOGY - SCIE","2.281","0.005",
"Expert Review of Anticancer Therapy","EXPERT REV ANTICANC","1473-7140","1744-8328","ONCOLOGY - SCIE","2.279","0.008",
"JOURNAL OF NANOPARTICLE RESEARCH","J NANOPART RES","1388-0764","1572-896X","CHEMISTRY, MULTIDISCIPLINARY - SCIE","2.278","0.021",
"DIAGNOSTIC MOLECULAR PATHOLOGY","DIAGN MOL PATHOL","1052-9551","1533-4066","BIOCHEMISTRY & MOLECULAR BIOLOGY - SCIE","2.275","0.002",
"MOLECULAR BIOTECHNOLOGY","MOL BIOTECHNOL","1073-6085","1559-0305","BIOCHEMISTRY & MOLECULAR BIOLOGY - SCIE","2.275","0.005",
"JOURNAL OF FOOD COMPOSITION AND ANALYSIS","J FOOD COMPOS ANAL","0889-1575","1096-0481","CHEMISTRY, APPLIED - SCIE","2.259","0.007",
"MOLECULAR VISION","MOL VIS","1090-0535","N/A","BIOCHEMISTRY & MOLECULAR BIOLOGY - SCIE","2.245","0.016",
"MOLECULAR AND BIOCHEMICAL PARASITOLOGY","MOL BIOCHEM PARASIT","0166-6851","1872-9428","BIOCHEMISTRY & MOLECULAR BIOLOGY - SCIE","2.243","0.008",
"MOLECULES AND CELLS","MOL CELLS","1016-8478","0219-1032","BIOCHEMISTRY & MOLECULAR BIOLOGY - SCIE","2.242","0.008",
"FLUID PHASE EQUILIBRIA","FLUID PHASE EQUILIBR","0378-3812","1879-0224","CHEMISTRY, PHYSICAL - SCIE","2.241","0.013",
"JOURNAL OF CHEMICAL ECOLOGY","J CHEM ECOL","0098-0331","1573-1561","BIOCHEMISTRY & MOLECULAR BIOLOGY - SCIE","2.239","0.01",
"BULLETIN OF THE CHEMICAL SOCIETY OF JAPAN","B CHEM SOC JPN","0009-2673","1348-0634","CHEMISTRY, MULTIDISCIPLINARY - SCIE","2.222","0.006",
"TOPICS IN CATALYSIS","TOP CATAL","1022-5528","1572-9028","CHEMISTRY, APPLIED - SCIE","2.22","0.01",
"TOPICS IN CATALYSIS","TOP CATAL","1022-5528","1572-9028","CHEMISTRY, PHYSICAL - SCIE","2.22","0.01",
"FITOTERAPIA","FITOTERAPIA","0367-326X","1873-6971","CHEMISTRY, MEDICINAL - SCIE","2.216","0.007",
"JOURNAL OF COORDINATION CHEMISTRY","J COORD CHEM","0095-8972","1029-0389","CHEMISTRY, INORGANIC & NUCLEAR - SCIE","2.212","0.005",
"JOURNAL OF THERMAL ANALYSIS AND CALORIMETRY","J THERM ANAL CALORIM","1388-6150","1588-2926","CHEMISTRY, ANALYTICAL - SCIE","2.206","0.013",
"JOURNAL OF THERMAL ANALYSIS AND CALORIMETRY","J THERM ANAL CALORIM","1388-6150","1588-2926","CHEMISTRY, PHYSICAL - SCIE","2.206","0.013",
"JOURNAL OF SOLID STATE CHEMISTRY","J SOLID STATE CHEM","0022-4596","1095-726X","CHEMISTRY, INORGANIC & NUCLEAR - SCIE","2.2","0.022",
"JOURNAL OF SOLID STATE CHEMISTRY","J SOLID STATE CHEM","0022-4596","1095-726X","CHEMISTRY, PHYSICAL - SCIE","2.2","0.022",
"Methods in Enzymology","METHOD ENZYMOL","0076-6879","N/A","BIOCHEMICAL RESEARCH METHODS - SCIE","2.194","0.027",
"Methods in Enzymology","METHOD ENZYMOL","0076-6879","N/A","BIOCHEMISTRY & MOLECULAR BIOLOGY - SCIE","2.194","0.027",
"Molecular Imaging","MOL IMAGING","1535-3508","1536-0121","BIOCHEMICAL RESEARCH METHODS - SCIE","2.191","0.003",
"Molecular Imaging","MOL IMAGING","1535-3508","1536-0121","RADIOLOGY, NUCLEAR MEDICINE & MEDICAL IMAGING - SCIE","2.191","0.003",
"ONCOLOGY REPORTS","ONCOL REP","1021-335X","1791-2431","ONCOLOGY - SCIE","2.191","0.021",
"EUROPEAN PHYSICAL JOURNAL E","EUR PHYS J E","1292-8941","1292-895X","CHEMISTRY, PHYSICAL - SCIE","2.183","0.009",
"EXTREMOPHILES","EXTREMOPHILES","1431-0651","1433-4909","BIOCHEMISTRY & MOLECULAR BIOLOGY - SCIE","2.174","0.005",
"JOURNAL OF MEMBRANE BIOLOGY","J MEMBRANE BIOL","0022-2631","1432-1424","BIOCHEMISTRY & MOLECULAR BIOLOGY - SCIE","2.174","0.004",
"International Journal of Clinical Oncology","INT J CLIN ONCOL","1341-9625","1437-7772","ONCOLOGY - SCIE","2.17","0.004",
"Methods in Microbiology","METHOD MICROBIOL","0580-9517","N/A","BIOCHEMICAL RESEARCH METHODS - SCIE","2.167","0.001",
"TETRAHEDRON-ASYMMETRY","TETRAHEDRON-ASYMMETR","0957-4166","N/A","CHEMISTRY, INORGANIC & NUCLEAR - SCIE","2.165","0.014",
"TETRAHEDRON-ASYMMETRY","TETRAHEDRON-ASYMMETR","0957-4166","N/A","CHEMISTRY, PHYSICAL - SCIE","2.165","0.014",
"EUROPEAN JOURNAL OF RADIOLOGY","EUR J RADIOL","0720-048X","1872-7727","RADIOLOGY, NUCLEAR MEDICINE & MEDICAL IMAGING - SCIE","2.16","0.027",
"JOURNAL OF VASCULAR AND INTERVENTIONAL RADIOLOGY","J VASC INTERV RADIOL","1051-0443","1535-7732","RADIOLOGY, NUCLEAR MEDICINE & MEDICAL IMAGING - SCIE","2.149","0.013",
"THEORETICAL CHEMISTRY ACCOUNTS","THEOR CHEM ACC","1432-881X","1432-2234","CHEMISTRY, PHYSICAL - SCIE","2.143","0.014",
"BIOORGANIC CHEMISTRY","BIOORG CHEM","0045-2068","1090-2120","BIOCHEMISTRY & MOLECULAR BIOLOGY - SCIE","2.141","0.001",
"CELL BIOCHEMISTRY AND FUNCTION","CELL BIOCHEM FUNCT","0263-6484","1099-0844","BIOCHEMISTRY & MOLECULAR BIOLOGY - SCIE","2.134","0.004",
"SUPRAMOLECULAR CHEMISTRY","SUPRAMOL CHEM","1061-0278","1029-0478","CHEMISTRY, MULTIDISCIPLINARY - SCIE","2.132","0.004",
"CELLULAR ONCOLOGY","CELL ONCOL","2211-3428","2211-3436","ONCOLOGY - SCIE","2.124","0.002",
"BIODRUGS","BIODRUGS","1173-8804","1179-190X","ONCOLOGY - SCIE","2.12","0.002",
"INTERMETALLICS","INTERMETALLICS","0966-9795","1879-0216","CHEMISTRY, PHYSICAL - SCIE","2.119","0.015",
"SOLID STATE IONICS","SOLID STATE IONICS","0167-2738","1872-7689","CHEMISTRY, PHYSICAL - SCIE","2.112","0.018",

Copyright (c) 2024 Clarivate 
By exporting the selected data; you agree to the data usage policy set forth in the Terms of Use 
